,Neighborhood,population between 18 and 34_n,population between 35 to 64_n,population 65 and over_n,Population white_n,population black_n,Population asian_n,population hispanic_n,population other _n,family households_n,nonfamily households_n,population education high school and less_n,population education bachelors_n,population education masters_n,population education phd_n,household income less than 10_n,owner  occupied units_n,renter occupied units_n,cars per capita,transportation car_n,transportation public_n,tranportation motorcycle_n,total workers,household income form 10 to 40_n,household income form 40 to 75_n,household income 75 and above_n,house value less than 100_n,house value for 100 to 500_n,house value 500 or more_n,rent less than 1000_n,rent bewteen 1000 and 2000_n,Transportation Other means_n,rent 2000 or more_n
0,Airport,19991.44065,31714.06358,10062.49577,19164.55357,18241.25629,7310.887696,14563.74279,2487.559658,42660.12751,19055.87249,15242.59799,9815.234043,4580.903298,512.7101071,8421.950124,26600.68466,29270.80738,12381.76539,20299.84125,12075.15044,123.8787156,61869,26972.21452,23043.51184,36524.82796,3734.9469,36353.87046,20827.18264,16895.06282,36981.70339,3132.253619,7764.233794
1,Allerton-Pelham Gardens,2391.492508,3691.077912,1215.42958,1630.932196,2407.259577,507.4161925,2584.03854,168.353494,4949.925383,2342.074617,1756.481073,984.5343585,453.2897154,55.23915904,1311.30503,2391.948839,4240.166251,1483.562253,1975.953414,1309.35452,7.805774529,7310,3669.4987,2696.857597,3480.369079,751.5610359,4489.44878,1871.990184,2415.395483,4250.848515,360.0447502,621.7560022
2,Annadale-Huguenot-Prince's Bay-Eltingville,1667.125941,3118.038729,1031.835329,3781.817501,534.7205323,492.8048584,917.2857555,90.37135338,4318.477309,1496.522691,1577.31232,1002.213669,479.1774452,47.93840053,558.0315991,3618.025154,1707.621521,1293.209923,2573.240189,980.9731463,5.222601743,5821,1869.582493,1756.878153,3909.352157,200.6528705,3292.689138,2298.657991,1659.153363,3412.819722,192.702505,738.0269141
3,Arden Heights,498.5165606,914.3085064,296.174933,1112.371568,131.9160872,149.5025375,289.0377449,26.17206222,1253.191326,453.8086739,453.8534449,295.0618682,146.6166245,14.78517389,144.3181847,1079.942614,499.2961665,366.8854637,770.8621722,291.9554487,1.900932232,1710,553.9828018,539.2235566,1181.277189,63.46173058,1001.399069,630.1392008,428.6887019,1043.294123,64.8347699,233.0171752
4,Astoria,8396.696225,12099.70459,3920.599186,8998.015785,3917.561109,3752.243281,7073.540957,675.6388689,15529.11695,8846.883047,5376.917015,4523.529847,2078.702145,256.5772101,3676.28131,8444.23794,13549.11628,5375.65268,6320.842653,5034.461479,68.55405531,24530,11783.00503,10059.6677,15879.00182,1335.549249,11639.68706,11018.76369,6209.909272,14604.49296,1523.840235,3524.597767
5,Auburndale,1330.141869,2331.475354,820.3827765,1718.498512,562.5852621,1075.433529,996.4620577,129.0206397,3174.371888,1302.628112,1036.047405,816.325866,402.869725,46.78338109,465.7069694,2286.295548,1816.138776,909.1868885,1671.160757,830.4094012,7.387851749,4496,1723.147287,1612.781798,2791.295205,208.373773,2218.078864,2036.547363,906.1623429,2771.972953,215.6166276,783.8647046
6,Baisley Park,1379.811565,2174.380671,679.8077643,896.591038,1592.251531,557.4900928,1005.026555,182.6407824,3037.838333,1178.161667,1071.333096,614.0939924,276.5134727,26.32604755,526.1129855,1872.581854,1961.0879,939.2704452,1302.782334,810.2876842,6.888312876,4250,1737.111862,1550.966696,2253.840568,239.3218197,2557.312676,1365.365505,1107.471568,2621.992685,185.1809349,471.5357473
7,Bath Beach,1626.003433,2655.257014,936.7395534,2539.468735,728.2529961,951.0848258,898.1162971,101.0771463,3622.313973,1594.686027,1294.448828,901.5192433,407.8143518,45.17672559,690.3129284,2171.109945,2568.485115,1112.795804,1459.228864,1024.78332,11.1901412,5228,2337.062071,1885.939457,2921.586148,253.0884572,2094.268502,2823.643041,1413.006962,3284.872311,291.585705,509.1207267
8,Battery Park City-Lower Manhattan,109214.0499,160503.4538,52161.49633,146195.9298,58042.36566,38215.30791,71149.12514,8276.271501,195635.1892,126059.8108,63334.577,68582.40617,35496.97434,5050.341353,50438.02063,119209.7293,168970.9785,65750.5361,90627.72579,66141.10598,1043.494205,322171,148555.7255,126073.8831,272381.8712,18975.84176,147090.7457,149423.4125,86792.88538,166283.8996,26466.11745,68254.21501
9,Bay Ridge,8357.663549,13364.45531,4517.881142,12505.56892,3974.365058,3987.619865,5200.461211,571.9849475,17411.80775,8814.19225,6132.431299,4708.865221,2223.656251,272.9854901,3749.602282,10170.08802,13597.85241,5700.812175,6998.18461,5214.056048,63.18909627,26298,12169.66857,9885.640115,15907.6925,1447.415215,10671.75968,13809.82511,7177.360101,16245.8953,1583.933646,2777.744596
10,Bayside-Bayside Hills,4279.351618,7536.51718,2669.131202,5459.775119,2061.193076,3284.740684,3225.40788,453.8832419,10211.63061,4249.369394,3323.691709,2727.017891,1270.737918,156.3012452,1473.362357,7321.352788,5899.227736,3030.181503,5295.194552,2692.261078,21.53008898,14535,5628.086077,5117.714878,9205.402099,725.4521875,6986.402957,6643.144855,3073.334993,8838.347446,684.3222752,2518.317561
11,Bedford,7653.74263,9555.625015,2799.632356,7435.368926,5930.778669,1478.214775,4750.927472,413.7101594,13391.83461,6571.165392,4940.09974,2808.885281,1289.29792,147.0567862,3678.270895,5274.7122,12589.68895,4018.824241,3979.191181,3768.976989,97.92663478,20088,10805.65331,7343.979279,9843.959619,1268.260885,8800.25753,9533.481586,6695.756407,10887.62592,1890.891038,2355.617667
12,Bedford Park-Fordham North,4764.968275,6942.029122,2115.002604,3434.094719,3343.148005,969.9597643,5782.422103,292.3754079,9130.545149,4671.454851,3140.174074,1895.107164,888.4050317,114.1322887,2725.722165,3815.041798,8722.653256,2690.288978,3440.342726,2554.121764,21.6539281,13827,7455.621664,5067.671255,6553.115611,1287.105074,8075.921188,3870.973737,4665.847261,7862.987557,815.7929906,1266.165183
13,Bellerose,3007.352482,5053.839861,1691.807657,3758.859662,2057.528237,1451.159173,2170.234465,315.2184626,6848.969809,2890.030191,2314.782982,1680.773264,844.0308974,94.39434812,1144.597393,4891.347609,3976.785527,1873.981397,3741.538857,1829.114296,16.2284623,9772,3864.303791,3437.284859,6199.003283,587.7093008,5620.041572,3455.249128,2453.794446,5778.306899,467.1546039,1491.898656
14,Belmont,3472.432639,4978.363292,1626.204069,3552.53793,1865.464072,707.5939316,3732.386107,219.0179601,6372.922237,3692.077763,2097.217491,1609.609268,846.4027336,137.0935894,1934.565703,3104.18828,5971.327356,1866.732265,2746.133109,1863.143924,21.72204929,10085,5296.519638,3720.486275,6067.772797,922.828394,5614.446238,3250.725369,3287.889835,5449.273912,727.2109669,1322.836253
15,Bensonhurst East,4907.269728,7946.333999,2929.396274,7969.643309,1950.489135,3001.226173,2572.426603,289.2147796,10869.05866,4907.941346,3882.852843,2721.675207,1223.216501,140.2304068,2349.998695,5918.206978,8360.370813,3351.488873,3938.084738,3083.849476,38.5096015,15817,7588.554507,5709.586335,8199.263418,885.1565548,5976.334695,8766.50875,4602.447788,9789.158364,955.611855,1368.393848
16,Bensonhurst West,7679.568452,12204.37376,4405.057786,11501.8183,3780.368697,4405.227418,4160.153832,441.4317536,16730.24123,7543.758772,6083.284745,4020.586773,1784.328418,200.8257899,3644.218439,9026.591004,12975.81961,5119.853562,6116.093532,4711.710753,56.68021101,24334,11765.80814,8835.565845,12483.08893,1339.678219,9555.463549,13168.85823,7190.013953,15014.71551,1471.706063,2062.270535
17,Borough Park,27669.4121,38782.88521,13341.7027,40305.6164,14972.11598,9760.126309,13381.11646,1375.024852,55574.02424,24147.97577,20453.87929,12149.83717,5704.198498,657.1910759,11775.36137,26453.42226,45437.64405,15907.5501,18294.14531,14648.76651,234.4586443,79915,40841.78671,28361.42219,38688.20367,3866.52954,29501.39101,45462.07946,23019.85808,48468.29488,7139.643168,8196.847044
18,Breezy Point-Belle Harbor-Rockaway Park-Broad Channel,1820.332419,3207.877604,1118.789977,2588.230774,1688.317465,531.2404603,1184.685687,154.5256139,4215.511624,1930.488376,1471.52174,997.2305456,486.3354112,48.29016223,859.8128575,2668.876794,2767.389516,1294.435817,2037.948331,1108.038068,15.63505857,6163,2632.616346,2209.246865,3662.314563,386.0126049,3295.423899,2413.563497,1857.916003,3596.394568,282.6808376,683.6894288
19,Briarwood-Jamaica Hills,2616.251809,4233.543487,1349.204704,2109.573396,2304.514713,1480.076581,1927.084871,377.7504379,5805.492266,2382.507735,1958.628917,1366.951897,624.3486135,64.6719936,959.0280422,3679.848633,3815.035411,1819.504226,2567.118184,1616.33772,11.09912085,8234,3376.71496,3048.577258,4671.666217,410.1663896,4907.218011,2824.615599,1929.181214,5242.133341,377.0014285,998.6854451
20,Brighton Beach,6866.732383,10815.55307,4010.714551,9239.570628,4587.798578,2988.069586,4426.971653,450.5895547,14207.29713,7451.702868,5161.353104,3815.471022,1656.339221,200.0824103,4165.301191,7119.543506,12445.97347,4587.648258,4969.168987,4202.508825,48.76611937,21717,11331.90275,8082.807971,11208.85495,1510.448113,9761.756134,9962.795752,7016.085069,12738.27773,1349.46411,1893.637197
21,Bronxdale,3068.773278,4460.500598,1391.726125,1679.484798,2951.906261,517.3967956,3586.864042,185.3481026,5910.485597,3001.514403,2092.413117,1141.121444,513.7768242,62.40985977,1891.086096,2248.965534,5834.747124,1845.429831,1958.29855,1649.611961,12.97726169,8926,4942.963155,3282.704432,3865.003377,952.208414,5290.763141,2353.028445,3331.951502,4932.007584,485.9595905,646.0409145
22,Brooklyn Heights-Cobble Hill,105324.8146,163740.4853,54133.70006,124276.1203,78418.2421,34665.66941,77848.95978,7990.008379,211789.908,111001.092,74287.33733,56187.60562,27858.38219,3341.909309,49616.79359,126639.2273,165440.4837,68391.63257,92729.188,63792.10238,820.7669221,323281,148521.2635,121399.6973,207243.4231,20478.1575,163471.1774,132810.6651,94480.98536,183846.4258,18724.5312,44207.58884
23,Brownsville,2644.541335,3766.417345,1136.04132,1774.198663,3058.833428,694.4865999,1827.532254,191.9490551,5027.784237,2502.215763,1873.534077,1082.537177,495.3828922,56.48522973,1425.828692,2329.926653,4426.449745,1644.973614,1693.745316,1524.355498,20.20210522,7571,3786.759381,2830.737965,3901.039766,441.3830057,3822.361436,3032.255558,2496.568074,4270.329866,418.0271981,749.1020596
24,Bushwick North,7223.861541,9470.385697,2713.752762,5236.04528,4668.430108,2095.579496,6937.139215,470.805902,12785.53935,6604.46065,4443.477993,2906.614044,1255.6188,135.775556,3510.625729,5467.553529,11976.72559,4354.296979,3985.65814,4052.716461,80.09247432,19491,9707.543686,7527.632935,10482.17684,1145.720455,9301.2995,8588.980045,5735.864776,11449.32815,1273.147038,2171.80707
25,Bushwick South,7494.215521,10292.70063,3187.083852,6142.174264,5773.692667,2564.16518,5982.448684,511.5192048,13484.08414,7460.915861,4794.284127,3419.49146,1523.147255,176.635175,3779.894335,6293.655311,12533.67904,4590.750509,4521.441298,4316.29606,76.82759613,21050,10685.31794,8285.508881,12182.6627,1272.739756,9874.923233,9421.337012,6478.434817,11890.2115,1391.835991,2551.353683
26,Cambria Heights,438.2638152,726.8206024,244.9155824,355.8618886,529.6035096,186.1295486,287.4048159,51.00023733,1021.594235,388.4057656,345.4637582,227.4899692,106.338395,11.81489365,148.9821898,726.8584941,565.7476803,300.0982804,506.9441937,268.1144602,2.373443809,1419,527.569776,501.3423468,850.2047664,76.11991685,884.5912528,441.2888304,347.1870505,850.9512213,62.10733433,210.8617282
27,Canarsie,4348.072344,6678.456261,2130.471395,3882.459259,5268.634078,1162.225645,2528.824162,314.8568551,9095.199993,4043.800008,3338.581238,1971.235748,907.1048814,88.52954843,2079.104778,4939.688185,6960.545223,2892.818831,3502.050822,2613.479878,26.54152912,13192,6056.854042,4843.797348,6767.42055,682.7587194,6576.529572,5495.711708,3891.879895,8042.050184,651.3614127,1191.069921
28,Carroll Gardens-Columbia Street-Red Hook,10027.10598,14158.43782,4344.456194,10461.89829,7556.508025,2889.246488,6944.926616,677.4205734,18031.83412,10463.16588,6374.3556,5100.710099,2494.913061,285.6837404,5087.953236,9094.555786,16576.74357,6266.483199,6470.151377,5946.734213,123.5195881,28597,13996.24927,11107.73301,18297.04626,1569.177872,12309.46758,14089.35455,8751.081578,15636.14534,1974.979057,4082.77308
29,Central Harlem North-Polo Grounds,6932.443698,9721.387193,3001.169109,4948.510765,5953.321327,1706.312061,6558.270619,488.5852281,11975.62944,7651.370561,4224.224887,3192.777254,1556.459834,215.8923816,4262.630029,5018.93355,12626.69169,4104.833837,4005.654181,3905.737298,48.43994177,19715,11131.46669,7977.912737,11547.09042,1889.773466,9703.494948,7311.731586,7164.219778,10135.17193,1352.037753,2313.608291
30,Central Harlem South,5756.672363,7963.48803,2435.839606,4780.105869,4280.247408,1384.348412,5315.706311,395.5919985,9727.439004,6410.560996,3362.852681,2793.569809,1403.467284,201.112528,3431.898653,4168.439882,10295.60281,3359.302788,3367.775744,3266.744731,46.14295676,16203,9009.163211,6566.084369,10320.12843,1464.797361,7657.931336,6488.271303,5653.924999,8221.090208,1190.41704,2256.984794
31,Charleston-Richmond Valley-Tottenville,3170.981795,5833.711566,1874.306638,6782.654634,1176.171578,863.2433994,1874.816153,182.1142365,7969.208135,2906.791865,2859.509376,1855.231925,924.4441629,86.98588247,1052.765003,6568.229717,3421.430458,2311.315044,4805.806755,1864.813001,11.7066776,10886,3695.267878,3401.963754,7272.414645,497.7412839,6083.746516,4246.512201,2963.296277,6514.454351,394.7049866,1383.249372
32,Chinatown,45253.36259,68529.17585,22719.46157,51686.18126,28419.68533,19905.56109,33107.78259,3382.789727,87615.79719,48814.20281,30252.67724,24432.12008,11782.89453,1459.655949,22540.61211,48877.68816,74303.06193,28567.68548,35584.20903,27055.56849,425.1574105,136643,66282.67271,52352.03624,89530.51532,8757.657357,64317.57734,60619.76531,41714.88533,75310.43847,9371.971145,19308.6762
33,Claremont-Bathgate,4171.882288,6010.540883,1821.576829,2576.290114,3259.0693,768.8781194,5141.596103,258.1663621,7883.061678,4097.938322,2719.536952,1582.502365,740.1372108,97.52430113,2596.742624,3034.240835,7844.804612,2366.493406,2741.231705,2179.449515,19.41209418,12020,6724.819526,4373.691757,5367.888315,1240.705945,6992.513605,3181.78045,4456.48847,6508.818838,726.8444102,1008.692692
34,Clinton,38692.15662,55213.17271,17509.67066,44802.61962,21085.71177,12352.51112,30337.8524,2836.305088,66083.65349,45257.3465,22037.29314,22588.89232,11512.99395,1622.047247,19698.63595,35628.59525,63770.77376,22805.73559,27938.63274,22963.05074,377.03547,111550,57828.97986,46548.05914,91449.11186,7494.666933,51680.22999,49549.10307,31911.13635,58236.52071,9543.696617,21106.34294
35,Clinton Hill,5045.572131,6540.667501,1942.760367,5378.421649,3444.622537,1387.685251,2944.26868,374.0018831,8084.340116,5427.659883,2771.329988,2646.136402,1362.080099,164.5558481,2397.466416,4194.843907,7829.19204,2958.26467,2916.91205,2939.496268,77.50892737,13580,6853.769438,5515.940535,10196.07964,761.067488,5500.706899,7060.225613,3871.717874,7160.136479,1110.862688,2448.145647
36,College Point,6902.3848,11248.19958,3755.41562,7400.632591,4852.641688,3374.008116,5650.087709,628.6298956,15102.76788,6766.232124,5301.071912,3561.220025,1666.077198,188.4699716,2892.067925,9454.227097,10432.13168,4414.697362,7227.023278,4118.695771,39.12161025,21966,9465.293816,8080.85726,12795.64783,1323.132155,12016.72114,8225.146705,5760.275637,13186.43046,1144.782001,2893.293899
37,Co-op City,6103.129662,9275.074198,2935.796142,3770.52753,5868.472974,1052.700311,7233.291505,389.0076799,12295.91149,5995.088512,4335.28285,2359.80899,1090.249536,116.3084203,3488.509912,5393.729288,11269.55603,3605.465484,4730.420009,3293.031633,22.17874012,18326,9857.218782,6667.722086,8168.68201,2396.847849,10908.28726,4303.864887,6854.090844,9998.135177,964.1938166,1427.773981
38,Corona,2139.926229,3230.653157,1020.420614,1711.411086,1203.975661,1155.152769,2123.202235,197.2582489,4436.053973,1941.946027,1536.547348,974.9815505,426.4340983,47.02869824,830.9075967,2359.482224,3440.710309,1419.442733,1689.35289,1282.863787,15.24021321,6433,2911.467157,2441.795672,3473.780632,329.9822985,3386.942456,2593.075245,1495.462556,4069.913752,360.349952,800.6236922
39,Crotona Park East,1663.248253,2380.436664,743.3150827,1170.40677,1206.206384,347.4235513,1963.831098,99.13219633,3143.805265,1626.194735,1104.310172,650.2032036,288.9679892,36.59273932,1004.788203,1284.790946,3035.879254,943.5288303,1117.287455,890.5193717,9.222784852,4797,2649.809216,1744.59529,2207.98029,470.0377096,2723.690902,1434.271388,1790.021526,2553.28279,274.3820687,423.6956843
40,Crown Heights North,7119.976956,9945.162412,3064.860632,5103.150812,8889.565404,1663.012841,3977.01156,497.2593824,12967.7611,7153.238895,4892.417312,3114.230169,1437.507676,156.2482093,3735.071503,5908.38954,12095.64698,4500.01273,4228.442885,4182.154041,66.76811103,20185,10615.59347,8157.406104,10642.0751,1167.594564,9247.412244,9386.993193,6410.060866,11768.40216,1203.994098,1919.536972
41,Crown Heights South,2669.526027,3626.667731,1173.806242,2715.691656,2586.623736,633.0007364,1360.15198,174.5318913,4789.694318,2680.305682,1732.358712,1242.021031,613.9534866,71.66027805,1263.258884,2214.703911,4500.842867,1638.084191,1504.389507,1542.552966,26.09152902,7496,3799.237597,3021.208985,4203.894288,468.3319608,3010.684762,3902.983278,2184.870619,4458.591725,559.5960084,815.5376557
42,Cypress Hills-City Line,2622.587326,3835.976154,1100.436521,1562.702254,2834.383311,735.2095606,2211.044007,215.6608673,5277.169524,2272.830476,2028.718952,1015.607235,437.8049796,43.30890122,1331.386697,2465.488978,4285.917456,1714.056271,1714.04998,1547.969582,15.40314206,7593,3532.64029,2801.890052,3607.360023,377.1339249,4108.903809,2843.962266,2267.368081,4640.170246,366.8256415,627.4616732
43,Douglas Manor-Douglaston-Little Neck,2242.903687,3904.24114,1392.855173,2783.749035,1241.978254,1620.680173,1672.123837,221.4687005,5258.649674,2258.350326,1712.300482,1390.894257,670.307675,83.25785174,840.8306471,3749.289014,3128.173384,1541.92932,2766.656851,1384.21905,11.21250444,7546,2988.920861,2673.052253,4767.529721,373.1163227,3893.252014,3178.631663,1695.403642,4517.561952,367.9742663,1283.034406
44,DUMBO-Vinegar Hill-Downtown Brooklyn-Boerum Hill,65513.94532,98847.16999,31751.8847,68039.86871,55686.36362,20628.95961,46587.63436,5170.173691,128083.7083,67743.29169,45630.2136,33368.21747,16107.60775,1876.234324,31727.86734,72389.36038,104153.2438,41456.19487,53633.58986,39088.43202,539.1133284,196274,93019.67636,74746.20524,122114.6017,12769.76776,100065.1445,79298.0878,59261.37376,110948.2124,11568.25678,25392.41384
45,Dyker Heights,6234.566008,9692.418682,3240.015311,7780.64792,3388.009581,3577.01346,4021.998163,399.3308755,13021.38813,6115.611867,4570.088482,3118.263622,1436.450655,167.0836398,2825.141379,7191.20252,10123.60883,4111.426688,4945.839005,3724.979841,49.57816328,19211,9118.323664,7031.308037,10687.20494,1124.989565,7926.405844,9779.604591,5544.324239,11638.28414,1174.770742,1940.391621
46,East Concourse-Concourse Village,4405.67686,6194.392267,1871.930873,2622.472301,3286.32398,863.4296431,5433.309399,266.4646773,8013.421195,4442.578805,2758.704171,1679.273322,777.839617,104.2879286,2823.585242,2812.015621,8487.876257,2523.047618,2480.152167,2349.500756,24.56397066,12491,7195.065623,4658.486176,5746.552883,1215.891643,6836.095401,3631.012956,4746.001642,6580.292353,787.8780704,1124.706006
47,East Elmhurst,1950.876244,2873.319742,899.8040137,1539.259961,1281.985536,808.5329942,1897.990673,196.2308369,3872.511504,1841.488496,1386.78803,885.4298788,400.1454783,49.29922609,834.8084069,2101.127431,3057.857003,1228.902575,1543.233811,1121.260844,13.20450736,5740,2680.812073,2193.67069,3238.206826,356.7373889,3150.940628,2139.321983,1527.291451,3464.460872,343.2016877,709.2476773
48,East Flatbush-Farragut,6794.495506,10590.66087,3466.843621,7625.832799,6869.195682,1863.924734,4019.278113,473.7686726,13927.7001,6905.299903,5039.148585,3452.538513,1688.492037,197.2640574,3197.994979,8281.051161,10500.07464,4253.229836,6165.451541,4178.942482,51.4042586,20902,9558.682525,7858.558065,12525.78239,1269.397192,10702.11381,8509.488996,6199.154669,12100.80642,1163.46228,2503.03891
49,East Flushing,2320.752894,3974.537104,1365.710002,2294.505718,1178.28037,2227.854378,1673.774406,286.5851274,5431.623114,2221.376886,1777.16609,1351.210854,607.6146589,72.25839531,895.2814345,3510.26145,3476.941666,1606.207713,2506.921833,1416.836229,10.56275363,7693,3157.70015,2760.659944,4465.50282,389.1218522,3795.978915,3425.899233,1741.612438,4796.577318,390.8696691,1103.810244
50,East Harlem North,7434.222453,10228.97126,3143.806287,5257.912944,5870.519338,1745.739233,7445.374284,487.4542008,12829.69737,7950.302629,4550.364082,3298.228629,1558.515635,205.8341566,4624.356006,5056.883542,13670.39604,4367.57687,4106.462757,4121.623177,53.89886545,20866,11809.96736,8241.695662,11672.17571,1947.64935,10167.85801,7947.49264,7657.060009,10711.06261,1412.450709,2403.877383
51,East Harlem South,16211.73775,22957.77167,7572.490574,16294.54798,10518.73204,5143.950466,13570.07274,1214.696778,28170.17258,18527.82742,9238.335282,9092.125137,4552.340141,726.0490941,8446.271848,14035.78358,27977.6932,9783.045095,10662.86897,9621.843863,123.1554577,46796,23615.04541,18715.75542,33996.50778,3431.280159,21635.93823,20211.78161,14288.66443,24221.79103,3618.912222,8146.544539
52,East New York,10867.14394,16148.7452,4967.110854,8365.988156,11969.95092,2896.941199,7897.099352,853.0203718,21766.06129,10179.93871,8227.848486,4567.410495,2075.444087,218.0202235,5644.406954,10880.00105,17807.47635,6814.566098,8028.332633,6365.978207,71.42879587,32072,15390.91876,11928.91747,16184.56799,1954.173403,16993.32141,12110.50519,10157.54023,18688.61859,1636.230898,3068.841179
53,East New York (Pennsylvania Ave),3807.19249,5461.635203,1624.172305,2222.182901,4349.982499,859.866428,3181.699056,279.2691161,7358.153935,3504.846065,2720.428772,1476.297481,642.0818042,65.31853232,2056.127756,3184.175944,6599.592374,2418.865206,2342.18582,2164.350862,23.64114546,10921,5549.244041,4056.118525,5096.04897,735.2264976,5824.258869,3986.514633,3689.510877,6270.567948,575.3665518,886.9211744
54,East Tremont,1994.111214,2794.934279,814.9545076,949.5799833,1550.892734,365.4080027,2628.464867,109.6544129,3715.513903,1883.486097,1274.399119,678.6502082,297.4269809,37.94978883,1325.795929,1205.31537,3866.619787,1114.103166,1111.541619,1004.849321,9.259011696,5610,3251.467384,1977.431652,2229.146361,625.1745508,3285.429084,1460.396366,2267.647378,2918.935848,329.2182574,409.4167742
55,East Village,15701.0351,20976.37591,6634.588992,16665.97683,8916.273508,5379.900504,11227.85127,1121.997892,25212.63945,18076.36055,8543.723691,8851.218464,4259.052415,581.856778,8196.232297,12637.57095,26246.96344,9261.883442,9275.233902,9068.373602,204.8176732,43420,23311.44619,19117.67839,35524.59955,2877.950002,18661.57814,20449.47186,12611.89066,22936.30741,3847.805692,7714.801928
56,East Williamsburg,9983.629979,13441.30543,4084.064593,8683.368011,7216.900924,3072.490431,7885.66131,650.5793234,17651.64749,9833.352506,6373.346528,4463.461371,1950.17591,212.8265334,5006.72337,8022.086119,16724.78086,6014.968547,5949.475431,5656.883728,109.0505047,27595,14304.96073,10905.8127,15826.19514,1714.666607,12662.87413,12580.45926,8743.542617,15422.55095,1817.71818,3289.906428
57,Eastchester-Edenwald-Baychester,1913.446136,2885.342179,902.2116855,1329.951689,1723.235009,352.6110965,2174.363443,120.8387621,3850.748872,1820.251128,1345.418261,763.9449141,361.0189473,42.21864461,1047.045877,1776.666586,3369.131108,1104.854325,1582.867801,1019.637193,7.200932115,5704,2904.930743,2035.306636,2662.27356,520.8763547,3475.902838,1463.220808,1956.791917,3210.982053,302.770461,502.2260301
58,Elmhurst,10674.37214,16058.61267,5094.015186,9188.947357,7566.435767,4915.817049,9221.375649,934.4241776,21065.68049,10715.31951,7332.75169,5259.131561,2409.482402,300.8450102,4925.407116,11282.20906,17472.86032,6843.003943,8313.682762,6390.160899,76.53776618,31921,15320.95776,12374.81581,18699.27214,2059.113117,16634.32313,12518.56375,8918.592062,18857.06975,1877.823075,3965.338191
59,Elmhurst-Maspeth,2646.835614,4072.153521,1341.010865,2843.559717,1206.822656,1685.022713,2123.204292,201.3906222,5390.727537,2652.272464,1867.360262,1404.442819,610.0748116,72.92188199,1203.287604,2892.576799,4393.158197,1748.123822,2040.068449,1607.439282,19.91023505,8091,3839.281832,3127.309321,4555.952855,469.3306543,3781.385148,3698.284198,2096.806522,5006.010244,494.5244611,922.1832337
60,Erasmus,1859.297275,2750.120405,864.5823198,1461.485269,2300.587634,485.4612663,1101.790069,124.6757612,3632.000509,1835.99949,1368.820049,833.5820875,384.3096954,41.6059942,943.5430103,1744.772995,3173.482056,1195.308934,1295.377836,1119.416984,13.33007627,5492,2714.97783,2110.396042,2850.298927,294.3482405,2731.479329,2319.172431,1679.140118,3289.34016,287.6090275,496.5197221
61,Far Rockaway-Bayswater,4188.601431,6559.297375,2254.101194,4124.537805,4531.665977,999.1575568,2981.389792,365.2488674,9093.597557,3896.402444,3091.45697,1883.522149,909.3301129,98.25717133,2117.844673,5190.023402,6536.166678,2616.54901,4184.221281,2244.738154,35.0313377,13026,5653.23714,4582.742574,7017.368884,774.1876085,7786.275632,4333.53676,4013.656684,7528.065214,721.423607,1431.278101
62,Flatbush,7501.739695,11157.27794,3610.982364,7568.794976,7328.633103,2570.772418,4295.432378,506.3671231,14811.71002,7431.289976,5429.466288,3564.289674,1666.652425,187.7975787,3748.299634,7200.849363,12897.93169,4874.523041,5082.519237,4521.523315,62.27547606,22324,11181.39661,8579.470038,11521.71828,1192.157836,10049.61829,10586.22388,6664.445364,13646.43977,1307.893188,1916.114863
63,Flatlands,6192.339369,9761.177935,3350.482696,7706.262476,5716.012215,2042.8891,3444.348153,394.4880553,13206.73797,6083.26203,4815.057878,3164.422648,1460.390272,151.8913827,3015.921746,7372.052156,10131.88206,4170.459577,5146.088935,3773.851161,40.09701877,19342,9101.355049,7097.126912,10091.16376,1068.89616,9074.151194,8824.952646,5740.800584,11853.09252,1053.296125,1670.106898
64,Flushing,14936.81996,24019.01354,8111.166502,14222.84074,5686.646903,14366.29182,11393.50672,1397.713819,31999.54474,15012.45526,10771.81538,8155.226077,3660.076192,450.5619028,6696.521607,18099.45204,24463.82408,9643.044645,13086.80445,8871.423628,98.33664605,47155,21978.00269,17701.696,27238.85276,2597.550748,22537.70444,21402.74481,11950.3397,28599.0303,3103.548035,6392.629994
65,Fordham South,1366.009629,1929.958378,566.0319932,809.6008553,969.3887668,239.8848152,1766.16557,76.95999229,2547.009273,1308.990727,869.671475,497.8343991,229.2187319,30.38075236,849.7445269,911.5969655,2594.980702,749.4228708,865.9901848,705.7537187,5.879468014,3868,2202.293934,1398.750101,1671.039603,448.3903353,2176.111271,1055.498394,1430.89373,2124.920222,236.4383369,300.1860489
66,Forest Hills,15944.25056,25416.96676,8579.782681,17656.21406,10652.89002,7385.075217,12739.42238,1507.398329,33564.01428,16260.98572,11633.27916,8540.911404,4034.960724,484.1452906,7321.573157,19574.61831,25589.64747,10624.78608,14187.8385,9853.082841,96.10690443,50066,22878.07448,18982.24893,28860.82703,2867.052936,27155.72739,19070.21967,13479.92978,30337.24809,2723.09196,5921.822127
67,Fort Greene,9379.265019,13527.18457,4282.550409,9716.754904,8192.250876,2790.472663,5787.379226,702.1423315,17095.08812,10060.91188,5999.500849,4987.443409,2490.650811,304.7702278,4475.314438,9359.845127,14995.4492,5860.804822,6759.534179,5690.109434,99.61088516,27245,13106.52384,10786.96312,18504.91136,1585.434178,12554.14457,12612.42125,7880.60432,15225.92446,1800.175669,4022.471224
68,Fresh Meadows-Utopia,2774.59038,4601.428507,1531.981114,3057.390774,1781.894563,1706.062299,2033.083692,329.5686714,6201.390332,2698.609668,2110.563619,1531.601442,716.1399405,79.94815542,1096.856514,4035.139365,4100.59432,1863.988804,3000.934033,1684.195084,13.96866865,8924,3744.655468,3280.673791,5353.144637,504.3645521,4784.91514,3535.720307,2144.020943,5520.861477,422.8147129,1217.117581
69,Ft. Totten-Bay Terrace-Clearview,1867.529259,3153.5145,1123.956241,2412.985418,974.8674345,1069.205852,1508.799758,179.1415383,4210.954211,1924.045788,1400.609367,1104.800926,523.0688501,62.98221258,749.9695538,2882.619119,2703.22789,1253.366949,2148.95267,1150.86887,10.77664992,6155,2544.937046,2218.564485,3885.932881,342.30014,3129.633493,2598.066367,1473.380283,3562.931152,311.3829244,1086.688565
70,Georgetown-Marine Park-Bergen Beach-Mill Basin,4068.46445,6645.192373,2270.343178,5580.890111,3575.463944,1374.526249,2170.835484,282.2842117,8967.379325,4007.620676,3244.284312,2166.82292,1037.863662,104.0076279,1845.303169,5558.04611,6208.501657,2799.47275,3854.66024,2524.876191,26.40122527,13015,5740.580696,4702.674359,7197.333425,689.1465683,6049.792556,6042.060875,3650.420225,8004.808715,687.4698246,1298.771061
71,Glen Oaks-Floral Park-New Hyde Park,6249.169376,11351.92824,3991.902382,9584.851362,4242.367445,3088.068275,4007.601503,670.1114159,15555.63396,6005.366042,5038.637224,3987.242052,2046.313368,230.731367,1933.353066,12638.01093,7219.001844,3872.781062,9628.576724,3959.590677,29.23896167,21608,7256.40645,7106.906087,15127.48122,983.0115869,12756.80169,7703.186728,4595.277599,12489.78693,959.6336016,4383.935471
72,Glendale,3227.989075,5137.344807,1652.666119,4035.779306,1830.712054,1149.629711,2724.77806,277.1008685,6837.106692,3164.893308,2520.656593,1626.830013,753.1573006,79.01842992,1297.969902,4258.559294,4768.232719,2124.991689,3172.651307,1976.403504,24.42219769,10061,4237.736398,3736.16505,6118.19301,523.5016496,5351.68237,4004.81598,2417.58699,6283.540557,515.3433674,1275.872454
73,Gramercy,20520.38041,28980.57745,9325.042141,25088.63529,10752.99443,6840.700068,14620.92576,1522.74445,35089.86559,23694.13441,11579.63774,12237.40059,6129.02147,847.6169888,10027.35578,20025.1672,32688.49423,12234.40793,15119.87814,12250.84587,215.454353,58930,29090.62877,24313.18069,49461.93809,3608.306725,26626.39474,27129.29854,16097.81058,31125.59416,4908.251525,11498.59527
74,Grasmere-Arrochar-Ft. Wadsworth,1209.481751,2142.562345,714.9559041,2415.927931,418.6191545,454.2705313,702.7458562,75.43652725,2873.941484,1191.058516,1016.969399,731.0259385,360.2225679,40.2431638,441.3751099,2222.076296,1469.11211,893.2677195,1565.265136,717.9008669,6.10034921,4075,1479.747655,1344.584825,2774.064613,166.4815122,2269.254061,1583.264427,1126.593843,2410.852512,190.974583,526.5536449
75,Gravesend,2432.927697,3896.179353,1427.89295,3650.189159,1555.099238,1086.298991,1311.652069,153.7605431,5265.772938,2486.227062,1921.5615,1332.844257,612.0959751,66.38951502,1222.681985,2971.087331,4046.224135,1647.21061,2019.753491,1490.71406,17.42614719,7778,3714.238234,2829.699741,4136.848157,459.1384217,3347.844967,3873.016611,2369.164928,4657.757355,453.2345515,720.0777182
76,Great Kills,3556.332821,6264.005124,2042.662055,6765.596398,1590.500681,1053.659371,2237.670627,215.5729224,8638.109929,3210.890071,3170.599887,1949.278738,924.7905629,84.29542565,1350.273822,6831.553374,4036.228871,2644.111085,4830.472331,2054.039967,11.79346493,11868,4173.928348,3730.934567,7515.737287,470.8568194,7288.591357,4034.551824,3624.389087,6862.855172,416.9322017,1352.755742
77,Greenpoint,8128.114202,11014.21979,3376.666006,9858.051676,3692.828161,2605.34448,5811.924723,550.8509596,13768.20834,8729.791658,4876.731373,4396.549276,2044.882113,228.7086748,3721.270992,7345.301321,12873.6951,4896.79083,5559.850026,4774.544147,118.3300067,22604,11173.86599,9373.972485,16031.83779,1277.538393,9812.993107,11077.4685,6113.169084,12782.40744,1616.763231,3580.423476
78,Grymes Hill-Clifton-Fox Hills,1259.332462,2109.158348,684.5091903,2225.943484,606.1381562,362.6946418,772.885356,85.33836231,2797.138129,1249.861872,983.1332087,723.6553804,363.982568,42.52511541,476.9575991,2130.433795,1535.702027,852.21557,1592.193172,735.6564342,7.379627184,4065,1501.7504,1395.530957,2882.501298,171.7113499,2322.395906,1528.892744,1174.167598,2297.250795,195.0598928,570.5816069
79,Hamilton Heights,2117.703575,2919.666666,894.6297591,1507.031274,1408.745771,523.8102798,2349.093599,143.319076,3598.242583,2325.757417,1236.441031,959.5620413,456.292642,65.42854086,1311.944993,1374.25751,3943.85972,1234.420747,1153.121334,1185.013924,15.54762267,5956,3450.785225,2408.405823,3385.816892,661.5280872,2895.538592,2198.933321,2114.410911,3107.854139,421.2220889,694.7349495
80,Hammels-Arverne-Edgemere,1470.567339,2439.799143,781.6335181,1256.995938,1900.993337,362.6407384,1013.154969,158.2150163,3281.166185,1408.833815,1162.972318,652.130426,288.9487009,27.71981262,714.1766363,1899.841099,2300.672897,995.2057381,1475.738704,835.6943248,10.53046901,4702,2076.439772,1727.576335,2426.579214,339.7424067,2961.904637,1363.352956,1583.271186,2648.535327,207.782247,449.193487
81,Highbridge,1359.856168,1894.598391,543.5454401,703.992867,1010.664061,206.6995277,1801.508375,75.1351691,2462.267889,1326.732111,848.5769208,472.2207118,215.010129,26.88623862,867.8772743,746.4982658,2693.30976,753.512354,730.4592667,697.6775271,6.573826853,3800,2268.19215,1387.394485,1575.124476,385.3427026,2123.446243,999.2110537,1471.373923,2020.440316,236.8866318,295.1857613
82,Hollis,725.5812015,1183.598935,377.8198635,477.9086798,866.6061654,339.3956404,495.5614346,107.5280798,1645.550193,637.4498068,574.8880307,345.8043818,153.9625482,16.12099156,272.0822906,1079.740695,1010.874632,506.8825824,741.9037619,430.6987025,3.446190689,2295,931.2360913,821.3303735,1269.547458,136.7614206,1442.151958,684.0866218,585.1059497,1400.453015,101.1089181,295.4410355
83,Homecrest,5712.320369,9188.069594,3530.610037,9980.647404,2769.771034,2481.402377,2849.598749,349.5804351,12383.11493,6028.885067,4502.58356,3350.951315,1541.694916,186.9566674,2991.440744,6892.756506,9755.030106,3813.081182,4728.360866,3515.568442,40.82794991,18465,9082.004475,6756.771747,9757.805799,1082.969298,7339.062392,9810.96831,5441.599644,11176.86956,1172.179188,1782.530795
84,Hudson Yards-Chelsea-Flatiron-Union Square,133893.3663,185320.1458,59004.48795,170220.9171,64194.36376,44054.00388,89759.53194,9989.183274,218563.6651,159362.3349,69953.18231,83817.30734,43112.92793,6205.487068,64297.90531,125169.9721,212230.9231,78568.62816,94144.88296,80393.73701,1587.696223,378626,187482.7407,158277.3001,344613.1776,22568.65025,161658.1221,185727.2277,101578.7181,191504.367,34937.55875,84502.91486
85,Hunters Point-Sunnyside-West Maspeth,42910.82739,63137.06276,19836.10986,41305.73475,27362.06073,16233.20191,37567.27348,3415.729128,81594.20228,44154.79772,28412.69475,21440.2761,10067.83229,1239.491796,20770.65606,42637.26248,70850.51691,26454.56289,32752.09095,25263.79753,344.4798141,126160,61897.33421,48896.95643,78056.02211,8243.06001,64162.46298,50643.47701,36571.78345,71765.3264,8070.762828,17228.89015
86,Hunts Point,11450.54001,16277.06615,4941.393838,7615.303078,7390.281346,2310.675854,14657.04047,695.6992558,21709.95452,10911.04548,7414.476734,4316.674988,1925.142224,245.7673748,6944.719871,8395.182649,21113.05261,6348.446409,7587.170378,6002.935356,57.2848484,32711,18078.74982,11721.56149,14583.15145,3363.322791,18667.0854,9327.591812,12248.49932,17362.40611,1955.85914,2994.094575
87,Jackson Heights,7348.249908,10952.1265,3440.623587,6230.831367,4033.726411,3499.978473,7324.738378,651.7253708,14390.6458,7307.354205,5039.658144,3600.912145,1636.114001,191.5402676,3215.811048,7708.312619,11944.7827,4774.053165,5565.015862,4431.221531,56.04305521,21839,10518.41713,8546.298329,12721.51705,1315.500729,11540.45535,8406.043921,5725.06706,13189.9885,1289.654621,2739.944439
88,Jamaica,13354.83503,20623.04021,6460.12476,9571.766512,11956.78382,6037.135481,11118.93156,1753.382625,28308.91814,12028.08186,9985.306879,5996.244471,2642.386035,287.298638,5985.068723,15556.24898,21083.574,8857.923275,11004.81533,7869.12404,70.8480647,40545,18523.95344,14937.81664,20792.41381,2462.497425,23241.53818,13966.96439,11462.76177,24722.17818,2004.183717,4091.060055
89,Jamaica Estates-Holliswood,1983.582233,3306.145463,1124.272304,1942.239206,1471.968314,1263.044575,1432.148962,304.5989426,4530.591381,1869.408619,1478.392639,1118.909022,542.0293357,61.30916408,692.0496915,3089.646632,2772.647181,1384.39122,2142.196215,1245.113567,9.767332715,6431,2556.013224,2345.983574,3917.350001,316.7695482,3604.360375,2431.870077,1468.297749,4000.484916,302.7514212,917.2173353
90,Kensington-Ocean Parkway,2825.880656,4014.3268,1305.792545,3351.407771,1846.250376,1012.35216,1758.14811,177.8415841,5504.872658,2635.127342,1967.295809,1262.046919,600.5264848,71.36792068,1370.71071,2414.061207,4959.816326,1723.000264,1718.317964,1589.80176,22.19873015,8162,4312.427392,2993.836739,3894.663498,479.4429399,3420.460443,4082.096618,2456.471604,4936.119039,596.7855216,735.4093582
91,Kew Gardens,3664.284476,5643.318405,1795.397119,3397.608756,2699.867589,1607.335863,2988.949623,409.2381686,7537.347906,3541.652095,2618.777213,1805.234734,861.7501165,96.99529512,1580.4351,4295.336498,5739.28717,2388.501307,3139.309319,2190.375503,21.84103405,11148,5039.694156,4225.672128,6352.7725,637.3306053,6116.445758,4149.223637,2946.546767,6845.191673,599.9382559,1271.26156
92,Kew Gardens Hills,3308.173338,5041.338194,1652.488469,3326.834258,2111.37019,1642.282449,2575.621429,345.891675,6794.590123,3187.409877,2316.360888,1677.600251,806.7042052,97.37316526,1401.596564,3966.462049,5090.70298,2137.090527,2872.358039,1942.150061,19.30184829,10041,4523.33785,3794.74972,5698.939879,549.824048,5307.379068,3989.796884,2610.725549,6149.160055,534.2600089,1208.114397
93,Kingsbridge Heights,3725.559719,5459.194568,1715.245713,2565.262634,3017.736988,720.8511905,4357.534962,238.6142251,7063.798724,3820.201277,2432.27477,1564.777792,753.8846932,103.957635,2151.556791,3011.217603,6850.832349,2150.995191,2664.694217,2033.511557,16.95964934,10915,5908.349013,4111.928407,5472.379625,1191.002127,6166.060424,3130.937449,3806.304996,6046.822788,655.6619661,1024.872216
94,Laurelton,1296.263652,2059.196394,638.5399543,716.9799531,1689.391529,487.4189115,913.4052767,186.8043298,2908.328843,1075.671158,1007.195221,573.5610653,247.2540797,24.17209601,452.0981553,1831.065013,1810.81436,909.0134612,1254.660131,770.4862144,5.998382069,4004,1613.10811,1436.514696,2142.806426,230.5774172,2537.212041,1187.210542,1001.083211,2500.37488,161.4964833,472.5419085
95,Lenox Hill-Roosevelt Island,33705.4502,48489.95487,16309.59493,40379.22958,18872.46909,11489.61693,25240.45315,2523.231255,58212.4366,40193.5634,18801.67696,20599.75553,10585.78429,1820.796728,16506.54756,31698.70018,56025.9239,20450.59416,24070.73734,20553.62757,288.4990921,98617,47674.46215,40500.75363,81449.22013,6616.665639,44975.70884,44745.62551,26529.99405,52125.50998,8771.617985,19687.49598
96,Lincoln Square,29459.63054,42098.37746,13687.992,34811.05722,15531.68134,9451.778446,23296.28489,2155.198103,50197.62334,34956.37666,16262.20667,17405.57891,9304.320038,1412.952945,15224.49927,26548.60707,49358.58388,17750.50161,20015.09853,17914.00158,292.7984998,85317,43037.75318,34627.96101,69075.74534,5797.45383,37562.89296,39809.65321,24521.46236,43909.87404,7193.280824,16660.6636
97,Lindenwood-Howard Beach,1812.682222,3106.207424,1116.110354,2690.679799,946.2576419,765.3350219,1416.967373,215.7601649,4299.84802,1724.151979,1553.966671,998.8363584,445.5919124,48.3091101,661.6993669,3025.267424,2435.342819,1291.70039,2153.975907,1147.592876,10.8355798,6043,2370.962383,2140.78685,3667.735366,316.8603256,3125.322078,2545.817597,1341.157311,3999.423489,265.1883883,678.4192014
98,Longwood,1673.690717,2307.586322,682.7229608,871.6439627,1257.059152,329.2842256,2104.066105,101.9465546,3041.703949,1617.296051,1042.725325,603.3141424,273.5748419,36.3102717,1067.326272,1041.088725,3166.029593,947.9130371,926.7138733,875.227211,8.652002026,4686,2672.531362,1723.593894,2064.532406,520.4186793,2664.914218,1275.667103,1822.38727,2413.858015,282.4060152,420.7547161
99,Lower East Side,5451.348431,7610.934121,2466.717449,5400.461209,3147.157574,2306.956875,4252.543353,421.8809888,9291.472935,6210.527065,3212.655434,2945.584992,1363.177083,190.758425,3029.162353,4326.573863,9639.066519,3263.270739,3085.985347,3141.558579,76.51315252,15597,8550.570115,6389.578515,10822.71059,1083.049694,6648.665128,7180.285179,5206.52399,7920.95126,1367.326319,2356.524751
100,Madison,3687.514782,6189.663397,2347.821821,6388.852045,2200.105258,1667.391695,1750.461834,218.1891667,8224.324677,3981.675323,2966.824779,2272.382906,1026.203286,121.7161362,1952.003455,4745.28289,6325.128463,2603.122142,3160.963147,2377.563483,24.50315699,12250,5837.016542,4481.552339,6556.326368,677.2777871,5038.517026,6368.205187,3627.09709,7482.087526,715.3773771,1083.815385
101,Manhattanville,3485.357914,4818.005452,1484.636634,2581.622158,2481.9846,845.1851003,3634.469378,244.7387638,6104.648915,3665.351086,2090.49085,1560.696361,759.9635973,106.6997288,2077.926483,2563.374679,6256.817598,2011.634304,2121.932221,1940.430795,23.63269362,9808,5396.289643,3852.356231,5613.626383,948.243935,4973.973021,3440.783045,3412.810562,5161.112808,657.6998319,1192.076631
102,Marble Hill-Inwood,3074.002069,4303.695285,1279.302646,1968.408062,1724.548739,527.4991048,4258.212208,178.3318857,5478.827504,3170.172496,1818.036403,1268.264822,612.032795,84.81864682,1791.6861,1831.388175,6034.925678,1740.133771,1739.368106,1647.447864,16.48940609,8670,4984.047054,3327.978981,4315.797817,961.4760806,4649.912494,2621.611426,3097.549313,4782.783982,604.033872,768.6667054
103,Mariner's Harbor-Arlington-Port Ivory-Graniteville,3032.012623,5240.995771,1679.991607,5239.273562,1515.806713,908.1038279,2088.332921,201.4829773,7148.714209,2787.285791,2619.992043,1638.182869,785.9002462,84.21927633,1204.554267,5511.836511,3504.148129,2025.368349,4225.29817,1697.416642,13.15982388,9965,3644.4022,3221.899254,6282.399809,486.7336616,6377.569343,3028.696997,3088.866446,5631.265692,389.5468189,1210.867862
104,Maspeth,5380.933758,8063.258154,2550.808088,6064.409956,2718.045669,2145.992954,4661.068057,405.4833631,10566.08879,5411.911206,3889.608618,2601.058846,1166.08631,130.6122883,2393.040623,5861.929827,8538.795565,3441.943561,4363.776607,3206.791276,49.36542825,16051,7595.780039,6222.203375,9421.382682,933.4050149,7753.969968,7094.625017,4124.175081,9895.928073,977.8333665,1931.896846
105,Melrose South-Mott Haven North,2214.87669,3052.662446,910.4608646,1159.118976,1631.606493,439.8860169,2813.857633,133.530881,4028.506164,2136.493836,1398.876407,782.0851612,342.3697532,45.0575006,1451.56705,1322.512654,4274.144466,1239.252072,1204.213678,1138.942683,11.14604939,6192,3643.844663,2243.91744,2578.71577,629.1537462,3545.253259,1717.592995,2507.614818,3179.199932,382.5025732,477.1852517
106,Middle Village,2356.544015,3796.748365,1271.70762,3101.737044,1177.891497,995.5261353,1946.144126,203.701198,4973.363618,2441.636382,1827.423498,1270.226103,576.8410304,61.92618596,943.0956436,3121.689425,3575.512783,1669.729889,2191.63296,1500.582639,18.79386467,7483,3231.35499,2823.404063,4659.592429,362.2236768,3629.853599,3363.922724,1673.741287,4789.809451,401.471212,930.4492623
107,Midtown-Midtown South,385699.7903,553540.794,181360.4157,518574.7496,177482.1056,135095.8851,260237.3261,29210.93366,653673.0077,466232.9924,206168.885,251670.6585,131603.4723,19348.29878,184574.9763,391070.1911,606356.2419,227271.7883,298325.8669,235081.2899,3955.092033,1121413,540741.2771,458147.3808,1034682.389,65452.52239,489485.3545,541268.1231,289760.7133,567482.6383,103848.4428,261494.6485
108,Midwood,10033.73485,15091.14932,5314.115832,13762.16525,6840.272757,3472.547913,5789.382821,574.6312582,20423.1338,9983.866198,7346.384337,5087.471808,2358.461606,274.4756984,5327.907783,9874.019836,17642.90603,6452.123612,6921.769027,5848.29236,73.80198796,30481,15576.18746,11235.14387,14959.70956,1751.449644,12570.21364,15569.33672,9410.300511,18418.40066,1989.283401,2562.298828
109,Morningside Heights,26500.49775,33995.96518,11375.53707,31071.98657,11775.09045,7769.010842,19307.2606,1948.651539,39815.17108,31996.82892,11548.26877,15342.49679,9308.569586,2072.075349,14668.18356,20535.49666,43526.09677,14128.39316,15310.82696,14902.48829,243.3432716,71956,36686.39396,29565.55073,62801.50034,4855.549124,30040.2774,35381.17348,20198.27234,35721.64806,7026.027783,15859.0796
110,Morrisania-Melrose,2436.824011,3477.983915,1035.192074,1328.069923,1942.304993,482.302315,3041.138784,156.1839855,4558.944838,2378.055162,1574.444062,916.2082672,407.5020911,53.44267405,1519.588827,1623.693361,4666.601125,1399.752831,1449.994387,1289.805958,11.28681888,6968,3909.950718,2559.917894,3044.823017,721.7561505,4017.62797,1851.615879,2668.859774,3677.405293,417.5487636,584.7349343
111,Mott Haven-Port Morris,15053.79495,21141.73171,6390.473339,9281.982747,10962.09451,3224.7772,18192.12245,925.0230948,27549.32437,14976.67562,9550.07381,5844.719337,2628.406138,342.4029394,9373.182163,10131.55065,28403.65366,8619.328475,8792.692337,8050.78641,82.64410057,42663,24329.96645,15787.07674,19955.03312,4240.701855,23163.50572,12938.79243,16340.0649,22269.57293,2683.089916,3891.362179
112,Mount Hope,3664.49259,5257.122092,1560.385318,1986.012039,2914.823211,647.1044945,4709.549216,224.5110392,6874.600453,3593.399546,2360.94365,1370.293267,630.3834608,84.27847337,2224.198691,2457.700562,7061.462821,2096.915152,2269.797786,1926.6269,17.0608694,10488,5956.159799,3879.693468,4593.884403,1183.457734,6080.466816,2628.07545,3906.342488,5740.937996,638.3555075,818.7195173
113,Murray Hill,3532.010019,6094.636612,2109.35337,3728.278715,1773.597076,3131.151991,2721.980654,380.991564,8213.213387,3508.786613,2778.128185,2060.896704,924.6078205,106.8347841,1403.392183,5230.30241,5440.967419,2456.618771,3858.504439,2158.999734,18.02530199,11776,4937.849269,4272.744095,6798.989288,566.8714018,5778.179271,5303.949327,2564.814435,7408.993245,612.5254043,1711.192319
114,Murray Hill-Kips Bay,71438.79514,101549.059,33431.14584,90503.76895,36207.68784,25380.96672,48909.40059,5417.175912,121938.9916,84329.00836,39351.26658,44474.17164,22893.98914,3363.949469,33903.52575,71232.18869,113006.5373,42288.87142,54005.29696,42706.08015,698.5141236,206632,99189.66804,84791.15589,181184.4578,12325.43409,92359.32798,96361.23793,54675.79196,106800.7921,18541.17815,44590.41593
115,New Brighton-Silver Lake,3164.004908,5611.223801,1800.771291,5892.788287,1383.315392,981.1236372,2114.260522,204.5121614,7516.421353,3054.578647,2776.204732,1794.945162,891.9988005,91.22088643,1225.159054,5875.674131,3706.10535,2398.346265,4283.83153,1817.96006,12.47306844,10592,3749.117179,3383.958902,7102.502655,393.3759083,6497.086589,3635.537502,3166.685934,6192.894203,402.021593,1208.419863
116,New Dorp-Midland Beach,2860.500154,5176.336308,1759.163537,5857.102394,1061.917392,890.9622052,1818.98376,167.0342499,7052.098574,2732.901425,2632.664001,1619.967945,788.1478584,81.33019206,1052.761101,5606.472802,3332.109322,2134.866074,3997.523911,1698.051384,11.22727344,9800,3549.24609,3107.514516,6322.818533,421.6199412,5768.529462,3546.850596,2784.47001,5845.951437,364.8121894,1151.578553
117,New Springville-Bloomfield-Travis,7028.20909,12395.73216,4063.05875,12921.45252,3338.632134,2158.446029,4615.859628,452.609693,16957.19946,6517.800538,6204.64808,3927.107203,1916.534558,199.7621952,2663.065361,13364.18117,8069.633332,4971.72336,9921.855379,4025.115075,27.16248329,23499,8377.484888,7510.015673,15352.74539,1022.825684,14563.01937,7758.154952,6998.776861,13515.41449,903.0878055,2944.808653
118,North Corona,1830.616687,2593.19974,782.183573,1228.584191,859.8281731,914.102754,2062.120171,141.3647111,3557.97279,1638.02721,1240.280014,769.0827854,339.1878064,40.44155757,720.8811249,1721.993213,2997.919167,1173.93379,1243.408777,1064.041097,13.90101587,5229,2503.754312,1996.579857,2825.631533,297.8264481,2619.453653,2206.719899,1324.097679,3158.859217,320.3158424,705.0431039
119,North Riverdale-Fieldston-Riverdale,4372.890506,6812.094664,2486.014829,5070.27681,2887.931005,920.9472735,4497.316299,294.5286122,8586.896468,5047.103532,2752.583176,2387.743763,1362.335418,239.2645482,2246.888381,4688.628329,7571.571836,2674.48633,3945.884359,2572.579893,26.08094248,13678,6480.080742,5254.81571,9045.302032,1236.094083,7558.578991,4513.326927,4005.122312,7739.276601,869.7836616,1881.601089
120,North Side-South Side,16160.04348,20316.9522,6077.004317,16253.98864,9951.806503,4358.265059,10979.38011,1010.559689,26555.60469,15955.39531,9384.79432,7551.099108,3403.53102,392.843406,7634.929263,11916.23916,26298.3677,9217.008627,8749.828456,8788.280152,219.3882259,42667,22464.67738,17093.69793,27262.61829,2473.385992,18162.97723,21129.63678,13152.82603,22955.40432,3578.234496,6381.769646
121,Norwood,12202.76132,18732.30569,6292.932991,10449.1828,9960.551579,2601.206513,13377.1307,839.9284127,24087.98321,13104.01679,8284.074488,5725.879801,2861.80036,404.1266852,6505.921794,11756.41656,21953.02941,7356.594408,10223.05834,6815.151608,52.65144122,37236,18817.25052,14355.67411,20962.92124,3772.581454,21798.13185,10763.28669,11766.17986,21333.09995,2288.644195,4080.720192
122,Oakland Gardens,1292.460354,2232.633152,775.9064945,1490.533352,741.2541171,967.7137291,952.2977728,149.2010296,2989.111767,1304.888233,980.3546908,787.6366349,377.9703623,45.83510197,530.1310806,2053.111428,1893.983775,910.8733348,1484.263079,805.3972631,7.00289675,4309,1785.164084,1538.738865,2657.42121,211.5455355,2184.227824,1850.226641,1030.913667,2585.890522,208.1378393,663.1958108
123,Oakwood-Oakwood Beach,792.9714091,1475.502628,527.525963,1779.710911,253.9829449,243.5395975,471.9686379,46.79790828,2029.644907,766.3550932,744.4675099,480.8611744,236.5945595,24.27068929,252.7308701,1673.267154,888.2258717,583.7902905,1206.04576,480.1019096,3.446148348,2797,963.917284,888.7351013,1888.629644,109.1371255,1600.741311,1071.121563,753.2703354,1674.199615,108.5969361,367.5300491
124,Ocean Hill,2458.507707,3428.193004,1020.299289,1547.813644,2893.312556,562.5189593,1724.377281,178.977559,4553.154271,2344.845729,1710.447263,981.7317348,443.7697572,48.83019287,1372.45437,2005.077327,4160.856755,1525.416463,1438.71423,1415.221519,20.14191706,6925,3554.46577,2665.459553,3487.039252,400.8734428,3411.463528,2869.663029,2311.115047,3938.905072,392.1496632,633.9798807
125,Ocean Parkway South,3831.794421,5746.580736,2070.624843,5505.68958,2384.03548,1395.15892,2145.794253,218.3217665,7891.782631,3740.217369,2832.468286,1939.22611,892.6292062,104.4365892,1982.687402,3775.718438,6754.148653,2443.434024,2654.887517,2230.740254,26.78943589,11663,5907.120208,4234.718018,5621.264423,692.2836271,4643.511388,6106.204985,3435.474009,7246.297267,779.1157811,947.2287241
126,Old Astoria,4142.878589,5939.023781,1883.097629,3838.619039,2769.789625,1485.819105,3551.226978,319.5452531,7647.971692,4299.028308,2653.343636,2104.583803,972.672623,122.5621111,2007.171931,3786.965147,6996.113413,2619.084107,2877.014742,2431.518656,32.60686424,12022,6002.738315,4771.145112,7396.196362,736.1300799,5795.933263,5137.936658,3392.949981,6932.874501,760.2988499,1606.175518
127,Old Town-Dongan Hills-South Beach,4243.384583,7537.029647,2557.58577,8541.944701,1595.14361,1367.169398,2576.42072,257.3215724,10266.53769,4055.462308,3796.049114,2443.040643,1182.975316,122.5034543,1508.703525,8289.632775,4791.231196,3141.010562,5859.117334,2475.849714,15.14271001,14358,5103.236069,4613.715696,9523.665489,580.8110205,8585.645541,5092.543439,4199.788749,8418.030927,549.8902621,1697.180325
128,Ozone Park,1351.722712,2187.888641,690.3886471,1311.121593,1013.026663,603.4651288,1125.691022,176.6955934,3022.377142,1206.622858,1087.288442,648.1293091,285.9681774,30.1917543,540.2165341,1864.748141,1958.618845,927.6503424,1318.984894,826.517311,7.777614046,4258,1752.693777,1553.623436,2339.896847,212.6366579,2351.969511,1604.393831,1020.055531,2730.878434,193.7769467,461.0660355
129,Park Slope-Gowanus,17694.24939,25268.98882,7790.761783,19861.23987,12937.46517,5649.353619,11032.39606,1273.545285,32133.71139,18576.28861,11021.00048,9452.414747,4793.376439,586.6732788,8273.245263,16808.81165,28864.2268,11364.93632,11567.97345,10917.9355,214.425831,50859,24254.1393,19812.27569,33765.80125,2829.356531,21059.87624,26012.76723,14475.76671,28604.38759,3519.499078,7577.845701
130,park-cemetery-etc-Bronx,736.5139987,1128.19844,380.2875613,785.2732462,449.3206943,180.9579703,779.2920899,50.15599941,1431.01027,811.9897303,488.731453,365.1271728,190.3061911,27.5150545,395.419169,758.5951808,1272.013418,437.9716768,653.986962,417.2094086,4.21597532,2252,1112.287795,864.8146274,1344.695566,203.9030341,1312.69013,686.4068356,674.1204935,1293.969235,139.8512988,273.9102716
131,park-cemetery-etc-Brooklyn,3222.586724,4444.412957,1371.000319,3257.032629,2187.548542,1015.71339,2360.832913,216.8725265,5996.563787,3029.436213,2154.531273,1410.614464,642.1635155,75.53600854,1607.409827,2828.755761,5288.841144,1880.134328,2096.656743,1762.882237,33.85349376,9067,4604.810092,3387.576693,4973.296246,599.7418519,4176.798699,4042.459448,2880.268205,5066.039402,658.9045391,1055.692393
132,park-cemetery-etc-Manhattan,3867.790837,5678.568711,1850.640453,4491.846292,2386.495774,1139.796205,3083.694396,295.1673324,6971.516979,4404.483021,2343.789332,2184.387104,1123.489604,163.9863681,1941.403789,3883.443522,6320.170702,2297.527516,3037.796892,2324.045222,34.13990315,11431,5669.489219,4570.867358,8425.337936,848.7308071,5550.524879,4728.744314,3409.761648,5971.922716,852.401833,1983.315637
133,park-cemetery-etc-Queens,2779.15366,4266.802677,1373.043663,2908.435321,1612.350561,1236.84775,2417.780837,243.5855304,5658.734944,2750.265056,1952.313392,1422.919488,669.6663531,78.59120556,1214.705599,3323.205781,4303.824016,1772.369728,2469.485023,1656.28744,20.61974151,8477,3836.950288,3208.090313,5189.202802,475.1766563,4347.141568,3447.681776,2161.054136,4997.197998,496.8447262,1220.747867
134,park-cemetery-etc-Staten Island,1.577497431,3.312538908,1.109963658,4.416830876,0.423804827,0.27451434,0.847870211,0.036979745,4.373892816,1.626107184,1.79406313,1.100442139,0.702017506,0.045079893,0.28126377,4.114623376,1.372580309,1.334642251,2.893452151,0.960875033,0.0,6,1.649649799,1.595033555,5.018513145,0.142479701,3.228559675,2.628960621,1.129679741,4.422808743,0.188581287,0.447511517
135,Parkchester,1589.184335,2393.024331,746.7913338,1028.060352,1262.934885,434.818618,1887.899134,115.2870118,3092.778747,1631.221253,1101.150332,651.6897338,300.651104,33.98857855,889.9771143,1345.689127,2960.5366,987.7958399,1154.149654,902.1070609,7.693981524,4737,2531.864149,1885.021047,2272.019096,545.767147,2822.724776,1222.508077,1540.146248,2782.241472,255.4349888,395.6122797
136,Pelham Bay-Country Club-City Island,2519.969617,3898.661064,1309.369318,2246.033249,1797.253055,531.8323475,2994.130986,158.7503629,5070.393188,2651.606811,1813.546532,1061.800626,517.5701584,63.74283664,1424.681322,2411.958219,4594.568868,1585.404404,2158.987475,1362.568311,11.05104093,7741,3976.167497,2885.359338,3967.810166,728.747108,4550.093659,2244.159233,2509.709499,4571.194216,411.825026,639.0962855
137,Pelham Parkway,5539.959058,8318.703366,2668.337578,4274.596686,4475.050386,1402.81558,5994.813674,379.7236729,10863.07769,5644.922313,3762.345345,2440.740456,1144.197868,157.0272568,3061.335707,5070.433643,9930.745617,3367.007974,4190.372549,3095.325145,28.94202885,16532,8495.663229,6270.647321,8572.290563,1586.862361,9340.290932,5086.846708,5426.361338,9421.0647,976.7537515,1648.573964
138,Pomonok-Flushing Heights-Hillcrest,5639.682994,9169.26802,3090.048987,6267.574074,4122.516891,2854.144858,4057.845646,596.9185301,12284.83569,5581.164312,4116.034763,3140.550088,1539.906902,184.7331968,2258.155959,8142.253664,8128.740239,3745.351806,5867.58471,3457.204835,32.42519672,17917,7487.647201,6529.275959,11304.93087,1059.460089,9488.239286,7082.300626,4542.169475,10645.65261,926.5174416,2633.177916
139,Port Richmond,1529.439827,2583.30457,816.2556029,2470.85077,755.601228,491.779527,1110.386212,100.3822621,3514.884467,1409.115533,1295.520128,791.8983779,379.8894264,41.4291434,646.2500408,2594.710733,1845.16023,997.7769862,2009.778873,849.1950642,7.130816329,4942,1898.041494,1609.054583,3059.878161,236.404247,3093.868545,1553.727209,1536.704153,2829.149014,216.0330549,552.1468326
140,Prospect Heights,1937.742739,2637.42244,788.8348216,1922.490774,1603.553367,581.4025548,1118.439254,138.1140499,3227.594238,2126.405762,1115.517067,1033.014346,525.7231326,63.88118138,925.8266175,1580.36594,3225.28919,1218.497514,1076.541139,1201.374992,29.94618714,5396,2706.904857,2217.97374,3752.485085,287.2982888,2102.421821,2860.27989,1539.435012,2973.607558,389.5180344,834.9574307
141,Prospect Lefferts Gardens-Wingate,9144.636694,13514.11382,4304.249486,7468.51643,10802.826,2563.989224,5483.741044,643.9273,17706.75107,9226.248931,6525.230371,4289.420807,2004.845503,219.2888877,4527.09529,8989.001699,15251.62571,5983.542073,6374.885967,5541.200383,70.76281407,27023,13299.35526,10630.02782,15068.65093,1543.08879,13306.79177,11637.11944,8027.069756,16105.52587,1539.461974,2780.404379
142,Queens Village,2461.327037,4084.259237,1295.413726,2094.14359,2430.779901,1121.456179,1843.076817,351.543513,5689.333068,2132.666932,1964.219725,1213.44869,552.3630092,55.92401015,889.3385535,3800.206537,3342.032438,1646.961431,2743.845624,1489.773393,11.36500495,7882,3064.930133,2757.841326,4493.258559,401.0638128,4792.232306,2559.703881,1896.951751,4849.500261,335.862226,1062.547988
143,Queensboro Hill,3463.839905,5858.156469,2011.003626,3861.800437,1896.448519,2772.228769,2390.084246,412.4380286,7998.075256,3325.924744,2602.856187,2058.742357,977.1584832,112.6353963,1219.459085,5593.372719,4756.682845,2368.524471,3959.748449,2138.114355,17.42079348,11351,4410.26817,4113.355598,7081.665781,549.7172747,5865.897585,4835.385141,2443.007565,7049.375164,565.5759007,1800.617272
144,Queensbridge-Ravenswood-Long Island City,13715.8806,20519.19332,6586.926079,14888.06591,8275.031009,5423.341033,11080.80386,1154.758185,26371.33441,14401.66559,9122.852258,7358.940755,3487.067432,428.1450901,6254.287561,14693.60726,22140.05855,8571.33644,11249.36248,8250.774091,110.3108268,40913,19505.14234,16074.08092,26364.85503,2526.880387,20625.33382,16913.78579,11091.26,23807.51872,2588.299403,5821.221281
145,Rego Park,5759.964555,8917.02489,2983.010555,6200.8914,3515.713831,2754.46687,4702.006105,486.9217941,11707.38055,5925.619451,4101.046805,3017.966531,1370.45374,161.0454917,2764.195928,6368.292897,9611.972343,3729.203135,4668.567339,3494.788,38.89312836,17679,8564.990021,6820.020862,10043.0114,1094.360742,9291.114092,6970.525164,4956.015665,10629.92279,1056.250496,2016.061543
146,Richmond Hill,7592.980164,12218.3437,3823.676134,7064.526539,5721.10911,3656.120813,6024.081334,1169.162205,16911.69099,6695.309008,5894.843557,3704.361511,1666.086567,173.8023189,2951.646332,10500.84105,10960.18483,5033.912326,7521.829821,4575.27985,39.05516507,23700,9753.458418,8511.699676,13209.84057,1227.186764,13709.86564,8425.947599,5821.58002,14957.21697,1125.396124,2757.203015
147,Ridgewood,5812.994227,8595.251408,2637.754366,6092.973371,3209.367683,2130.967679,5189.329815,423.3614525,11449.79837,5574.201633,4164.0645,2704.425306,1203.800444,130.393333,2607.013771,5951.091037,9376.273152,3732.587452,4408.071446,3444.461435,52.27941321,17142,7904.602912,6483.484429,9830.521646,936.3795336,8442.274321,7425.346145,4461.742067,10607.82275,1001.700869,1930.435186
148,Rosedale,1486.668687,2474.958853,801.3724602,1494.149053,1398.973135,638.4787109,1055.872817,175.5262832,3413.29351,1337.70649,1177.356267,750.4862496,356.9710379,36.15868708,572.2498577,2321.118849,2011.765866,963.2100759,1732.000028,904.537467,7.283624358,4782,1855.57439,1688.80288,2791.272413,256.9882899,2886.142494,1571.869216,1160.838987,2890.664574,210.3184552,688.4964389
149,Rossville-Woodrow,604.3563405,1125.206499,349.4371607,1365.951348,153.9898993,179.1508706,347.6062667,32.30161525,1555.646429,521.3535708,559.5984848,350.8917913,173.7303666,17.38036061,189.9068193,1322.511265,593.8069264,451.666749,935.2890061,349.5250816,1.996602204,2082,644.5631465,610.9205859,1404.738127,77.67410492,1148.477399,844.8484958,578.3356693,1190.055259,72.90879938,308.6090716
150,Rugby-Remsen Village,4369.285725,6784.175721,2122.538555,3092.571769,6679.53612,1038.339478,2161.314952,304.2376804,9044.350917,4214.649083,3424.775369,1981.160073,916.5481005,91.656353,2078.882726,4820.970869,7137.86841,3040.860234,3368.070742,2732.94279,26.55271302,13300,6183.085857,5115.860875,6945.22276,700.3375964,7131.286955,5299.375448,3765.993011,8313.102986,644.8718236,1166.904003
151,Schuylerville-Throgs Neck-Edgewater Park,2686.88669,4149.449806,1424.663504,2635.846261,1761.186197,681.0059443,2999.447128,183.5144695,5531.7124,2698.2876,1967.641239,1173.711924,568.7814185,71.4168289,1328.389058,2963.901412,4495.561904,1668.04668,2465.869483,1476.943928,12.49222049,8277,3887.58845,2982.474901,4503.119338,689.8747224,4827.779718,2534.345559,2481.945524,4871.889371,423.4242307,869.1651055
152,Seagate-Coney Island,3111.184213,4960.666041,1744.149745,3665.848783,2928.297583,1028.964613,1984.995063,207.8939576,6641.239408,3159.760591,2470.766209,1555.183799,689.4732531,70.60449162,1873.630567,3529.001554,5313.551354,2084.329158,2549.091277,1854.459152,18.11326824,9837,4808.962496,3594.012597,4907.924975,637.7802907,4977.036213,3979.183496,3339.912589,5648.172608,509.0571761,806.9148032
153,Sheepshead Bay-Gerritsen Beach-Manhattan Beach,7175.532303,12038.45571,4525.011989,11903.51265,4543.869792,3106.147806,3731.201868,454.2678828,15839.66456,7869.335445,5821.466916,4383.95703,1916.98802,217.5546976,3971.149257,9136.561015,12293.83294,4994.682286,6222.928548,4598.32321,47.59808312,23802,11594.06077,8718.207817,12739.1404,1420.99345,10593.96235,11434.0442,7253.583181,14373.45352,1383.452653,2062.963296
154,SoHo-TriBeCa-Civic Center-Little Italy,153720.3751,221853.3869,71655.23792,187757.2235,85669.04099,55253.17769,107001.6064,11547.95139,271418.6596,175550.3404,89934.09096,91155.87198,46026.2392,6265.856417,74629.01412,154826.4948,246206.7715,94041.3443,114210.7079,92506.12747,1614.273543,447628,216735.1791,178625.3531,357125.4236,27602.1554,200055.9404,209783.9042,127728.5027,233601.6728,35822.64026,85279.82454
155,Soundview-Bruckner,1685.848464,2447.448836,762.7027,991.4091011,1233.77122,461.2913632,2079.366524,130.1617925,3282.210103,1601.789897,1138.264916,641.6011177,280.0787711,32.59556068,961.7802389,1360.115196,3061.251515,1002.299968,1143.951722,903.587525,9.046250128,4917,2605.985874,1791.861008,2195.43859,446.990183,2866.498967,1414.51085,1736.130275,2731.035289,263.9710091,415.8344363
156,Soundview-Castle Hill-Clason Point-Harding Park,4413.498547,6611.730991,2081.770462,3302.276175,3267.536918,972.9993969,5274.895039,289.2924706,8784.441571,4301.558429,3074.481198,1782.535838,813.6564439,95.63515366,2506.557032,4004.330994,7897.824349,2551.179314,3476.235806,2386.912085,20.41752215,13133,6870.11033,4725.580218,6250.114404,1190.161599,7745.811426,3695.026975,4811.607491,7056.710535,706.2935497,1206.681974
157,South Jamaica,945.6984212,1487.864877,467.4367018,682.0125286,1012.360155,371.050784,714.5593245,121.0172076,2071.628877,828.3711231,723.9047337,428.7205183,191.9580163,21.10807948,377.1133316,1266.765789,1360.843268,631.0638483,895.2570462,565.3077801,4.660805223,2926,1213.84785,1048.372433,1581.285906,168.214065,1733.22506,974.560875,787.2140288,1739.742392,135.2967561,361.0435795
158,South Ozone Park,4661.860057,7270.439687,2158.700256,3246.69987,3836.352314,2299.880292,3728.748514,979.3190108,10173.65467,3906.345328,3658.67008,2018.730281,837.3467143,83.79077281,1836.112971,5944.024238,6841.350658,3155.830556,4033.747542,2775.183101,25.07674942,14140,6090.497883,5145.846443,7330.367897,737.6720059,8247.921558,4935.406436,3591.553238,9078.831514,664.2954329,1370.615249
159,Springfield Gardens North,1069.658763,1759.456199,564.8850383,976.6160067,1048.781767,465.2119137,766.0826207,137.3076922,2442.19199,948.8080093,840.694853,539.8686005,246.287141,25.99029215,409.1030544,1630.609381,1459.812456,711.9491229,1172.28855,654.4390013,5.592980952,3400,1358.178415,1218.304588,1969.08149,194.0476519,2033.591576,1143.360772,840.6642597,2079.694054,156.2368233,458.6416862
160,Springfield Gardens South-Brookville,5069.409598,8192.58209,2634.008311,4496.583048,4581.779007,2389.328778,3800.358609,627.9505566,11310.84017,4554.159832,3957.825211,2462.985947,1132.85713,118.7915148,1986.112609,7143.285148,7303.031505,3329.303269,5144.562137,3056.976615,26.71352618,15937,6592.721626,5751.067252,8900.976973,879.8508782,9247.616334,5557.532788,4111.054169,9752.000741,752.2830235,1982.94509
161,Spuyten Duyvil-Kingsbridge,4482.382508,6587.864121,2160.753372,3393.146994,3098.546802,825.981373,5634.220205,279.104625,8588.176009,4631.823992,2917.065952,1895.053864,944.0513321,142.6417405,2551.549494,3474.913054,8506.166148,2642.606296,3104.984979,2445.888336,22.16182388,13242,7154.904112,4972.432013,6561.20554,1459.181842,7577.367898,3640.45026,4583.302094,7481.429699,802.972715,1151.268207
162,St. Albans,2035.762404,3284.096896,1048.1407,1624.826123,2361.935473,752.9294068,1393.621516,234.6874812,4550.975502,1808.024498,1576.246583,962.9837422,450.0861266,46.76766844,783.0512865,2961.466011,2825.356185,1337.209984,2154.638748,1204.590257,10.03242024,6381,2576.541037,2264.570954,3619.176591,363.0177362,3930.215054,1988.76721,1726.724876,3818.879852,292.6437263,797.3952715
163,Stapleton-Rosebank,2234.632491,3681.486224,1180.881285,3404.400589,1267.28463,705.1855986,1570.797227,149.3319557,4993.270933,2088.729068,1801.02981,1164.47199,550.4213966,60.06933688,946.3306204,3559.58081,2838.481514,1534.550067,2632.639827,1248.617586,10.58331607,7109,2776.446635,2349.465178,4395.70774,305.0134648,4418.121599,2310.864937,2255.609186,4020.759715,300.8920658,804.6310996
164,Starrett City,1003.826583,1536.440982,514.732435,880.9156836,1125.241305,273.2156113,700.4171234,75.21027654,2072.086019,976.9139817,772.9694766,438.4102054,212.196374,21.2800133,545.9691209,1052.821495,1714.108021,654.2894245,769.7293221,590.2925785,6.722853077,3059,1466.659687,1148.689394,1514.066373,185.2539121,1520.379277,1241.366811,1001.505378,1753.555383,155.1495232,285.9392386
165,Steinway,6123.54093,9007.455713,2914.003358,7215.431337,2833.336358,2573.428329,4905.931353,516.8726223,11638.01801,6383.981985,4018.665168,3357.647563,1583.15076,189.1037052,2565.837233,6793.415726,9449.897788,3839.134058,5215.410967,3656.880042,50.48043777,18129,8298.69874,7348.185408,11864.37836,1079.948302,8602.116085,8108.935614,4469.810822,10822.51985,1086.695345,2698.669333
166,Stuyvesant Heights,2430.587737,3273.447407,960.9648565,1548.869202,2768.908417,565.4097612,1614.976179,166.8364398,4219.321699,2442.678301,1581.440049,1034.443073,465.836106,52.47832061,1324.533728,1823.624169,4108.715838,1500.803149,1307.951017,1411.246004,25.59277657,6697,3532.514796,2653.329893,3754.920993,362.0196743,2991.60426,3151.376066,2204.470485,3722.324297,416.2279863,729.2052175
167,Stuyvesant Town-Cooper Village,926.1299827,1317.697631,430.1723867,976.4818063,495.7146261,353.9131207,778.9612707,68.92917612,1678.216006,993.7839947,579.5394448,476.3822618,227.5641485,29.95335391,469.3060459,837.2564253,1595.094775,566.2470257,646.6695803,527.2910627,10.06142909,2696,1362.514035,1051.137999,1813.774248,169.5572193,1283.855417,1001.587364,750.4136102,1534.704291,199.5342759,382.8820994
168,Sunset Park East,6591.32874,9826.293582,3132.377679,7762.339169,2291.84199,5312.252089,3825.632953,357.9337991,13787.9454,5755.054599,4538.115955,2943.333948,1291.613693,147.7519108,2751.892185,6556.945113,11103.55626,4051.916125,4435.903117,3744.715969,59.01588896,19597,9737.087086,6940.835421,9550.400935,1133.021713,6883.311366,11350.66692,5913.474285,11898.10444,1548.125665,1715.42127
169,Sunset Park West,17577.90992,25802.79277,8310.297308,20502.77995,10173.68259,7491.697224,12438.84796,1083.992274,34648.71647,16958.28353,12169.80197,8410.039508,3910.308869,448.0789869,8050.103018,17807.73029,28776.03632,11022.61399,12546.43593,10221.34234,160.7372092,51786,25283.54876,19211.27372,28617.82806,3096.679162,21788.55736,26027.76348,15483.8868,30756.90311,3496.770514,5318.210089
170,Todt Hill-Emerson Hill-Heartland Village-Lighthouse Hill,4953.38373,8563.113656,2855.502614,8666.180202,2450.976876,1592.107427,3352.426124,310.3093723,11588.77006,4767.229937,4232.219767,2689.540608,1313.845993,141.5534488,2014.603126,8671.821916,6260.014139,3393.128523,6477.735133,2868.116141,22.42952778,16381,6350.841394,5472.545615,10330.80357,891.0543155,9574.711093,5737.234592,4969.948514,9383.312846,696.4152923,1991.738641
171,Turtle Bay-East Midtown,96632.52142,139563.7397,46832.73887,138397.8008,41022.50513,34563.83852,61695.58433,7349.271254,163106.3085,119724.6915,50136.39986,66421.42017,35083.56845,5326.377115,43871.46858,102651.197,148691.8067,57305.88671,77408.97123,59894.6979,963.3204465,283294,130294.1476,115896.654,278370.9669,15490.78827,121460.9817,140501.2301,68322.77842,142435.3411,27609.00551,71778.88047
172,University Heights-Morris Heights,2357.759083,3283.958443,953.2824737,1127.621803,1773.921537,417.7853489,3139.184657,136.4866544,4323.179805,2255.820195,1518.990093,796.8434576,355.1486806,45.8344055,1523.041774,1366.925251,4602.667849,1319.67506,1292.293049,1209.585139,9.554562396,6599,3884.089298,2375.41011,2610.774481,729.2632996,3673.970698,1800.766003,2581.968701,3540.681088,395.3206753,456.350211
173,Upper East Side-Carnegie Hill,39100.39934,56030.81039,19029.79028,50590.37293,17195.58377,13422.72562,30065.68146,2886.636219,66510.10505,47544.89494,21200.91321,24825.65744,12871.72178,2013.940327,19010.5475,36707.342,64567.27482,23908.74817,27188.38144,24350.59045,392.7457727,114342,55632.62465,46839.31988,98574.25225,6921.876014,49247.41956,55407.70442,29998.06975,59557.82521,10250.00541,24428.10504
174,Upper West Side,21957.78017,31087.05672,10021.16311,23541.27408,12061.13347,6596.178015,19294.9101,1572.504323,37030.49996,25957.50004,12004.07857,12400.51642,6644.561058,1071.118131,11991.2545,17494.92932,38818.26455,13425.32567,13216.27726,13391.53205,208.049734,63199,33198.14313,25638.44914,47762.97701,4514.293665,27717.18889,29027.51744,19271.29655,32448.67843,5092.854687,11228.02503
175,Van Cortlandt Village,2343.25885,3410.82399,1052.91716,1549.691122,1668.058186,480.9699329,2958.833421,149.4473382,4482.237077,2309.762924,1548.791538,939.2993014,445.5979655,55.98517574,1298.080847,1824.755152,4342.704043,1378.916907,1600.676649,1278.735833,11.5365808,6810,3648.947358,2574.783318,3190.28174,727.3113147,4016.205881,1812.482805,2302.451369,3927.612707,394.5928918,559.9359243
176,Van Nest-Morris Park-Westchester Square,12978.49561,19269.17873,6345.325654,11252.90401,9222.371139,3068.536134,14180.02509,869.1636235,25146.605,13414.395,8595.184035,5757.844318,2875.052668,462.7332731,7066.511197,11784.24135,23162.68082,7582.739367,10126.4258,7072.472914,63.15541894,38617,19806.51248,14623.1578,20804.53891,3811.551607,21769.67591,11857.77248,12721.22668,21777.78773,2494.514294,4047.985591
177,Washington Heights North,6063.9907,8573.124055,2772.885245,5336.507482,3227.53081,1297.721989,7170.811843,377.4278762,10782.7316,6603.268397,3442.417149,2943.147482,1514.135829,275.1991584,3330.095519,4421.910879,11349.07159,3486.360501,3806.48711,3387.955151,38.5939618,17435,9298.996255,6881.171215,10435.16406,1748.333894,8679.988985,6085.677122,5609.829504,9615.810106,1344.067317,2158.360391
178,Washington Heights South,10678.5326,15305.85424,5008.613157,10208.44924,5949.084458,3039.717643,11085.35165,710.3970087,19087.80981,11877.19019,6212.385533,5552.621495,2769.273025,450.5624714,5731.234669,8793.858163,19130.1543,6181.877034,7277.248659,6120.577232,77.76503561,31045,16194.07199,12271.46777,20379.86919,2886.181415,15054.17669,12124.6419,9773.286072,16573.89636,2401.787185,4600.817568
179,West Brighton,865.64104,1449.890292,629.4686681,1587.601236,494.3458327,345.1637831,463.0670501,54.82209817,1893.323184,1050.676816,706.1526927,566.2953348,246.495542,29.13913598,586.4358922,1069.930918,1591.807167,613.6465304,720.3302548,564.7601511,6.747896669,2953,1572.66006,1099.051135,1575.126716,235.2685481,1382.102193,1308.629259,1039.349865,1643.33393,177.72446,256.3162046
180,West Concourse,4044.829832,5697.931211,1704.238957,2700.889489,2869.404721,889.4473226,4739.993764,247.2647026,7385.580061,4043.419939,2544.219436,1617.793444,734.7714268,98.28779118,2415.63446,2745.977153,7600.103324,2316.031148,2443.25231,2172.13216,23.19057888,11465,6450.476859,4322.583528,5550.326683,1061.563352,6164.464289,3488.97236,4146.974834,6164.277307,734.5246714,1114.74786
181,West Farms-Bronx River,2122.084454,3037.925573,934.9899735,1448.629081,1636.654063,482.3551635,2382.22649,145.1352027,3993.567069,2091.432931,1387.83826,852.2614277,399.4403183,50.8818875,1252.899919,1648.464905,3849.594814,1260.701013,1375.328552,1153.108243,12.56359942,6107,3289.674293,2251.292815,2965.694515,605.835684,3345.771144,1937.393172,2168.440941,3360.608275,361.2456896,555.9507838
182,West New Brighton-New Brighton-St. George,3011.055616,4999.283018,1587.661365,4564.891789,1815.612005,910.9791999,2096.040952,210.4760544,6691.952587,2893.047413,2449.396822,1587.207073,760.4904477,81.28578787,1309.20751,4741.5348,3890.159681,2098.684188,3535.610158,1688.286174,16.0483423,9612,3787.176256,3250.110957,6040.536097,413.1146201,5823.484511,3273.400868,2965.308695,5563.299641,418.8276716,1048.391663
183,West Village,47194.11389,63068.71539,19813.17072,57285.36212,21928.62284,15561.72022,31801.58754,3498.707287,73470.38919,56502.61082,23604.4755,28915.59086,14673.39092,2407.640987,23030.19613,39744.59661,76259.0052,27640.05202,29052.00884,28095.06543,617.2850089,130297,66712.24468,56165.21804,120743.9519,7561.810976,53179.46021,66408.72882,35245.81285,65654.96223,12495.21875,28984.22492
184,Westchester-Unionport,4503.659635,6587.050948,2039.289417,3028.180634,3288.197841,1093.155007,5423.949626,296.516891,8717.364303,4393.635697,3055.257619,1760.95747,804.941667,99.62552928,2561.027435,3658.704102,8223.940782,2634.09899,3206.865183,2425.048819,22.75250417,13153,7013.653982,4864.008939,6160.762097,1284.827055,7652.089775,3720.083171,4601.432787,7361.628338,743.239514,1140.938877
185,Westerleigh,1869.451581,3449.338527,1185.209892,3967.182043,617.8523239,644.9557212,1151.182387,122.8275253,4705.885913,1797.114087,1727.921863,1126.419428,555.21061,58.30989519,644.4521293,3940.519252,2020.823572,1442.877717,2797.856598,1110.835121,6.445015645,6517,2143.915194,2043.868498,4448.94935,237.4655385,3849.179117,2396.355345,1832.452829,3844.739505,236.3109395,817.8076652
186,Whitestone,4613.974472,7600.647773,2600.377755,5352.250093,2433.984921,2599.968018,4014.631384,414.165584,10297.02938,4495.970617,3524.967031,2474.680283,1146.001652,131.0267052,1858.579352,6595.440349,6871.21582,3048.254182,5018.37824,2741.245546,23.44125985,14864,6294.372347,5360.538856,8677.803457,853.2046128,7602.327582,6145.467805,3558.827089,8993.368622,741.7231888,2213.804288
187,Williamsbridge-Olinville,3194.158374,4805.724587,1534.117039,2147.153271,3004.155334,615.7335548,3556.994,209.9638404,6363.095307,3154.904693,2227.95334,1316.605862,604.2555596,73.45930099,1786.8547,2810.966049,5820.533241,1909.856536,2435.664764,1732.326428,13.49967319,9541,4975.158579,3522.367186,4530.432729,947.7441218,5719.701166,2544.554712,3232.910286,5441.809102,528.6255343,837.280613
188,Williamsburg,7350.313341,7950.642446,2376.044212,10263.35904,2832.506318,1024.585282,3291.428797,265.1205708,12667.34039,4983.659613,4679.130011,2132.898673,947.9860086,121.5068265,3108.562922,4280.470735,11621.17126,3009.865121,3276.18811,2817.271573,91.22229467,17719,10184.37834,5722.576451,7223.905691,1064.832851,6868.012035,9573.155115,6281.488656,9090.56929,2594.808601,2275.942053
189,Windsor Terrace,2112.391654,3040.884229,937.7241167,2420.072769,1375.144069,677.8018594,1476.190024,141.7912793,3887.459328,2197.540672,1353.495139,1084.921758,543.1545152,66.5450112,1024.320159,1932.252777,3556.256836,1355.149012,1323.779581,1285.271853,24.08753054,6119,3068.561783,2349.312194,3783.049848,367.1780888,2504.817409,3081.004503,1782.876107,3468.12389,435.3430733,822.0000029
190,Woodhaven,4493.480612,6839.134356,2024.385032,3136.808132,3523.528442,1750.129714,4429.666328,516.8673835,9504.992099,3826.007901,3399.661831,1845.199568,785.2670369,77.54630875,2025.180518,5060.859909,6997.664581,2944.713459,3580.019364,2616.885696,24.40158773,13391,5975.572733,4841.956188,6608.643808,800.2728158,7763.876102,4526.851082,3691.78229,8425.195627,644.785233,1184.022083
191,Woodlawn-Wakefield,2216.203813,3409.818538,1084.977649,1944.785556,1821.499616,456.0716027,2342.582149,146.0610758,4460.131422,2230.868578,1588.96763,987.3715183,469.8992998,57.05693785,1145.473048,2229.558598,3830.535582,1334.548866,1932.406915,1225.759859,10.6288709,6722,3329.25271,2483.859608,3591.391288,583.1310177,4028.340797,1911.528186,2127.324243,3898.784767,382.744647,658.890991
192,Woodside,6420.820905,9631.167225,3018.01187,5812.375784,4116.302922,2940.814612,5644.318913,556.1877675,12567.30148,6454.698518,4372.887965,3221.401606,1470.338749,175.236475,2971.027202,6771.874468,10418.58762,4114.532266,5027.799096,3812.699589,46.75045872,19178,9106.907844,7414.572662,11331.8156,1196.449426,9782.808913,7666.741662,5234.716277,11287.31233,1118.115075,2479.971393
193,Yorkville,11395.89543,15933.28313,5180.821446,12045.29855,6200.536762,3676.021873,9783.773108,804.3697072,19345.28359,13133.71641,6415.898868,6426.638081,3175.537987,467.696422,5897.189958,9207.840333,19913.90789,6981.80326,6991.092022,6857.946663,96.55353323,32568,16765.1362,13193.52157,24348.56899,2277.423627,14619.87624,14558.70013,9597.30486,17141.11956,2607.003806,5718.575581
