,Complaints,Population under 18,population between 18 and 34,population between 35 to 64,population 65 and over,Population white,population black,Population asian,population hispanic,population other race,family households,nonfamily households,population education high school or less,population education bachelors,population education masters,population education phd,owner  occupied units,renter occupied units,transportation car,number of cars,transportation public,tranportation motorcycle,household income less than 40,household income from 40 to 75,household income 75 and above,house value less than 100,house value for 100 to 500,house value 500 or more,rent less than 1000,rent bewteen 1000 and 2000,rent 2000 or more,Transportation Other means,population between 18 and 34_n,population between 35 to 64_n,population 65 and over_n,Population white_n,population black_n,Population asian_n,population hispanic_n,population other _n,family households_n,nonfamily households_n,population education high school and less_n,population education bachelors_n,population education masters_n,population education phd_n,household income less than 10_n,owner  occupied units_n,renter occupied units_n,transportation car_n,transportation public_n,tranportation motorcycle_n,household income less than 10_n.1,household income form 10 to 40_n,household income form 40 to 75_n,household income 75 and above_n,house value less than 100_n,house value for 100 to 500_n,house value 500 or more_n,rent less than 1000_n,rent bewteen 1000 and 2000_n,rent 2000 or more_n,Transportation Other means_n,Intercept
0,APPLIANCE,0.00537846041816,0.00358027430038,-0.000435556289558,-0.00495601044714,0.000496655028427,0.00257271900226,-0.000602076440637,0.00274805916583,-0.00162524899754,,,,,,,-0.00608820403531,0.00521543493156,-0.00472047501288,,0.0063174282698,-0.674224169626,0.0169959154388,-0.00229952620008,-0.00269701730238,,,,0.00998551711552,0.00575855189173,-0.00475844631652,-0.00794482368928,,,,,,,,,,,,,,,,,,,,,,,,,,,,,,,,3.86339425007
1,Air Quality,-0.00485121790875,0.00609635669091,-0.00101451046058,0.00470005078298,0.00200497481902,0.0002255966003,-0.00032204638319,0.000606396075768,0.00268321374985,-0.00183576017354,0.00721149379906,-0.00169968544088,0.0039254606984,0.0066415060897,-0.00640810109613,0.00283711788497,0.00335776923105,-0.00127128060641,,0.000843989333184,0.336908621878,0.00862898982863,-0.0150891905973,0.00902511143098,0.00198610999975,-0.00584462144334,0.0112174986375,0.00175423062521,0.000521679493562,0.0119555299856,0.0100307893527,0.00937046283095,0.00174919809295,-0.0235497121087,-0.000868791471774,1.89246116704e-05,0.00124538789987,0.00449216719763,-0.0202964088171,-0.000209635399121,0.000987393590048,0.00198390045448,0.0517776401946,-0.141036588667,0.279089051153,0.0291799680363,-0.00519491639916,0.0038738007937,-0.0153110353447,0.0279114316853,-0.019903097251,0.0291799680363,-0.0113985227958,0.0054654578541,-0.00139875387387,0.032830552857,-0.00460177823825,0.000778048012143,0.00887962566334,-0.00403338228303,-1.18721122655e-05,-0.0160085248313,18.9212205116
2,Animal Abuse,0.00126640465925,0.00167844989541,0.000924979033027,-0.00175679821341,0.000651959998198,0.00115330947818,4.54049381606e-05,0.00120687184986,0.00220749379753,0.00363400942643,0.000464798567907,0.00419840960677,0.00176025645963,-0.00147512005153,0.00179966199046,0.000558764240511,0.00231019101175,0.00137955771921,,0.00248397192043,-0.0328319452699,0.00406458933709,0.00507462230234,-0.000513094901892,,,,0.00366239421442,0.00288918547533,-0.000383042165875,-0.00161300803886,,,,,,,,,,,,,,,,,,,,,,,,,,,,,,,,13.4907110581
3,Asbestos,-0.00100898843933,0.00112807311121,0.000275511149983,0.000797310143434,,,,,,-5.53974312475e-05,0.00184038121026,0.000272589153596,-0.000420413329651,0.00396198507626,-0.000920692407101,0.000671961212265,0.00111256602337,-0.000490820618252,,0.000721655199299,0.0907191199064,0.00275997975163,-0.00326862106936,0.00213379018854,,,,0.000808090415865,0.000621711125036,0.00271047011972,0.00125649026112,,,,,,,,,,,0.000489524606144,0.0118176812699,-0.0329735807365,0.0685098905154,,-0.00177923859671,0.00126257912157,-0.00538794852353,0.00995771465878,-0.0817474368658,,,,,,,,,,,-0.00341510573118,3.36255385267
4,Bike/Roller/Skate Chronic,-0.000425803524707,0.000594840328215,-0.000276197218537,0.000645360658617,,,,,,-0.000327794450319,0.000682554900922,-0.000319004924785,0.000632102346661,-4.41365515154e-05,-0.000111966985201,,,-0.000163635135184,,-2.17692799905e-05,0.0176343510544,0.000787353574881,-0.0016960446953,0.00084005760736,,,,0.000137299270084,-9.52481251111e-05,0.00113293977997,0.00111711089942,,,,,,,,,,,,,,,,-0.000263646594417,0.000218888515994,,,,,,,,,,,,,,,0.681229834065
5,Blocked Driveway,0.0155668568577,-0.0242814508961,0.0569382737658,-0.0740064590081,0.00217588613244,0.00937394990234,0.0223671446149,0.00762686670184,0.0409960715665,0.0669727413749,-0.0291197278822,0.0594154441375,0.0273389395658,-0.0158262081945,-0.144836879342,,,0.0471260706548,,0.027707996285,-0.631367992625,-0.0846653279368,0.278829202067,-0.0489266388037,,,,-0.0396477281837,0.0777000666811,-0.0383138769774,-0.0387452286324,,,,,,,,,,,,,,,,,,,,,,,,,,,,,,,,26.4497222979
6,Boilers,0.000148022859601,0.000873930524947,-0.000127384105087,9.75272426727e-05,0.000241613612172,0.000254720033252,-0.000112193811887,0.000419286171872,0.000200871991689,0.000521292585115,0.00065548474395,,,,,-0.000470182232196,0.000918253126896,-0.000661533658771,,0.000909017618068,-0.0788462784323,0.00237587347356,-0.000775213256801,0.000325749904789,,,,0.00131860500342,0.000817224566342,0.000369776618807,-0.000249021218286,,,,,,,,,,,,,,,,,,,,,,,,,,,,,,,,-0.572570936833
7,Broken Muni Meter,,,,,,,,,,,,-0.00268612775408,-0.0149555309566,0.0925050735413,0.0273875314056,,,,,,,,,,,,,,,,,0.0546584957199,-0.0480450120413,0.0423458463606,-0.0146155959812,-0.0191756468759,0.0545199673243,0.0416431062201,-0.174294845568,-0.00305895874028,0.00898627075385,0.0160200203987,0.301944495771,-0.878596966739,1.9782083058,0.102995803792,-0.0314042549747,0.0237415593318,,,,0.102995803792,-0.0137418170248,-0.0163024264293,-0.002019202941,0.221494668622,-0.0315858559952,0.00570578983404,,,,,70.4267547645
8,Broken Parking Meter,,,,,,,,,,,,,,,,,,,,,,6.63533422157e-05,-0.000109299416605,0.000175087666133,,,,,,,,,,,,,,,,,,,,,,,,,,,,,,,,,,,,,,,-0.32373753763
9,Building/Use,,,,,,,,,,,,0.019665745225,0.00803936177765,-0.0161356731162,0.00415972347027,,,,,,,,,,,,,,,,,,,,,,,,,,,,,,,,,,,,,,,,,,,,,,,,-9.6359557453
10,Bus Stop Shelter Placement,,,,,5.4265180699e-05,3.70178761168e-05,8.87883213931e-06,1.73157007851e-05,-1.78922331226e-06,7.31732989471e-05,0.000103436902205,9.13221172678e-05,-0.00010974419198,0.000585858744842,-0.000877481237426,0.000107605304585,8.70026822536e-05,3.61666033033e-05,,8.31680693589e-05,-0.00321811934468,7.87460403847e-05,0.000107377848564,0.000104319052546,,,,5.11928942568e-05,0.00010577358452,0.000144477126517,7.13450468659e-05,,,,,,,,,,,,,,,,,,,,,,,,,,,,,,,,-0.197032059019
11,Construction,,,,,,,,,,,,,,,,,,,,,,,,,,,,,,,,,,,-0.00974081859207,-0.00688456233488,0.0169241507719,-0.00559254938171,0.18487428468,,,,,,,,,,,,,,,,,,,,,,,,28.3953148048
12,Consumer Complaint,-0.00444979776378,0.00670237233578,0.00337349626472,-0.00469548570429,0.00129081314778,0.00102530329301,0.00312964623007,0.00150180571154,0.00692016501122,0.00262041688316,0.00597139644186,0.00230103009053,0.0109174671912,0.0020152835676,-0.0450409364611,0.00116928049819,0.00556264747481,0.000350323843966,,0.00296450824968,-0.332622889545,0.0155993078477,-0.011654748331,0.0066402865631,,,,0.00310948098992,0.00511925466425,0.010203964117,0.0133877114576,0.00463630815761,0.0131233741443,-0.0457685613934,-0.00631440879974,-0.00509648628355,0.0157971040182,0.00449191632524,0.0562659877477,0.000513046556973,0.000940249789269,-0.0038104842698,0.109485330554,-0.242135651074,0.300795408761,-0.0149394390571,-0.00511097369527,0.00457100517461,-0.0190383233509,0.0391132750075,-0.74133968803,-0.0149394390571,0.0224159780521,-0.0222272963261,0.00155591328659,0.0242156443032,-0.00259070493666,0.000837313706679,-0.000763538041737,0.00173008863214,1.3316660753e-05,0.00189575549323,56.0138834673
13,Curb Condition,,,,,,,,,,,,0.000744393558682,0.000379899004409,-0.000136873474439,-0.00115340718129,,,,,,,,,,,,,-0.000625503230065,0.0011314785229,-0.000336725965059,,,,,,,,,,,,,,,,,,,,,,,,,,,,,,,,,0.867732784449
14,DOOR/WINDOW,0.0139637697595,0.0113194773674,-0.000962712663051,-0.0149057636657,0.00175037045876,0.0069159570537,-0.00207559065591,0.00818789367645,-0.00476433169785,,,,,,,-0.0175840873741,0.0152603451525,-0.014714578725,,0.0185605647489,-1.84388868537,0.0455172730655,-0.00128466922013,-0.00786079408182,,,,0.0256464403033,0.0189941255378,-0.0129405153574,-0.0228925488069,,,,,,,,,,,,,,,,,,,,,,,,,,,,,,,,6.11562953241
15,Damaged Tree,0.0010342198602,-0.0129262328747,0.0130877099194,-0.00432215348767,,,,,,0.0114557440802,-0.00684938275848,,,,,0.0178934152445,-0.00349935378146,0.0224485367038,,-0.000789319495178,0.23123788688,,,,-0.0204962515462,0.0260971855542,0.01148735645,,,,0.000717723478073,,,,,,,,,,,,,,,,,,,,,,,,,,,,,,,,22.8276458344
16,Dead Tree,-0.0011643473864,-0.0063704668315,0.00591564059245,0.00233984578703,,,,,,,,,,,,0.0104952453494,-0.00173475036815,0.0120326806167,,-0.00103201314992,0.238976214912,,,,-0.00485694276759,0.0124400919823,0.00858868074172,,,,0.00249999086658,,,,,,,,,,,,,,,,,,,,,,,,,,,,,,,,9.01652042834
17,Derelict Vehicle,,,,,,,,,,,,,,,,0.0114067959836,-0.00354979033286,0.016084660045,,-0.00157039050345,0.361232243916,,,,,,,,,,-0.00160137876447,,,,,,,,,,,,,,,,,,,,,,,,,,,,,,,,33.167024033
18,Derelict Vehicles,0.00537816359298,-0.00568195751843,0.0077393230958,-0.010559670995,,,,,,0.0104734612035,-0.00578491213994,0.0106191096676,-0.00277207713724,0.00645590633343,-0.023147176921,,,0.00837000135463,,0.00382571913093,-0.628022341993,,,,,,,,,,-0.0059946298502,,,,,,,,,,,,,,,,,,,,,,,,,,,,,,,,1.40230290315
19,Dirty Conditions,0.00192677108315,0.000662517744643,0.00945244964545,-0.00948958384485,0.0027134635673,0.00412197386331,0.00254784287076,0.00220696475379,0.00925887364922,0.0137730217217,0.00047710834942,0.0147136872532,0.00515301541457,0.00477701578519,-0.0204935851043,0.00942686972288,0.00566915768479,0.0103006399742,,0.0073256171521,0.259049553332,-0.00508226808154,0.0416487283783,-0.00212714363146,,,,0.000675515553898,0.0140080761091,0.000809896171829,-0.00255447598273,,,,,,,,,,,,,,,,,,,,,,,,,,,,,,,,45.2267834571
20,Drinking,-0.0002680760049,0.000464352549826,0.000405181690957,-0.000818053288642,5.16995958534e-05,2.17274401473e-06,0.000129455454804,0.000241122377739,0.0010548057034,0.000384026819773,0.000207270023399,0.000316252558916,0.00137073538534,-0.0020668356669,0.00151049169515,-0.000146226695837,0.00041908344056,-1.38588888065e-05,,0.00035338632279,-0.0016812990106,0.000741819669762,0.000479792623069,1.22833422321e-05,,,,0.000228174198176,0.00065544032121,0.000181650914338,0.000223356499126,,,,,,,,,,,,,,,,,,,,,,,,,,,,,,,,0.869011104883
21,EAP Inspection - F59,,,,,,,,,,,,,,,,,,,,,,,,,,,,,,,,,,,0.000531046335243,-0.00185936290698,-0.000681063123525,-9.08780553412e-05,0.0188504242677,-0.000961235959381,0.00215039319647,-0.00256195631886,0.00524359883689,-0.000738172287918,-0.0162136612622,-0.00211867778426,,,0.00127519026295,-0.00404162777814,0.0034509705995,-0.00211867778426,0.00330524989665,-0.00521268853715,0.00133423376654,,,,5.66716977685e-05,-0.000416149946485,0.00230444610758,0.00906221310382,-0.660477016838
22,ELECTRIC,0.0150862752825,0.00811918398191,0.00137244679463,-0.0156215227601,0.00177416889706,0.0079367704953,-0.00111251450243,0.00698175423828,-0.00239281968943,0.0184978473128,-0.000740273901314,0.0227546774626,-0.00303091984315,-0.00484426229606,0.0470654038489,-0.012102000856,0.0137665180727,-0.00914465621351,,0.0181271108261,-1.73970592599,0.0331047369593,0.0193521129051,-0.0103179052849,,,,0.0227524575394,0.0191621089417,-0.0133943914941,-0.02353450757,,,,,,,,,,,,,,,,,,,,,,,,,,,,,,,,6.15887887041
23,ELEVATOR,,,,,,,,,,,,,,,,,,,,,,0.000837007567615,0.000374100027891,-0.000166901443276,,,,0.000255107856802,0.000707406937803,-0.000253453846016,,,,,,,,,,,,,,,,,,,,,,,,,,,,,,,,,-0.731833329893
24,Electrical,-0.000166736728782,0.00123652083469,0.00103012813921,-0.00199647939969,,,,,,0.00148338764448,0.00068588170745,,,,,0.000694999093828,0.00116825686874,0.000732364126972,,0.000899107182706,0.0863317082604,0.000812308012143,0.00315269097137,0.000352256348929,,,,0.00096760843339,0.00150054251063,0.00110593102082,0.000958421427349,,,,,,,,,,,,,,,,,,-0.00383241210672,0.00739320788635,0.0025759710179,,,,,,,,,,,-0.00551315585795,7.76387610312
25,Elevator,,,,,,,,,,0.00348469179855,0.00286196565124,,,,,-0.00279232943311,0.00492824113556,-0.00347069147001,,0.00530528877505,-0.698402930446,0.013543780274,-0.00399665834,0.00118061365243,,,,0.00592168313027,0.00571740832906,0.000980218044111,-0.00183483397739,,,,,,,,,,,,,,,,,,,,,,,,,,,,,,,,-1.49301544159
26,FLOORING/STAIRS,0.0102929785347,0.00939543583131,-0.000908825732191,-0.0119417683234,0.00131617222941,0.00497541011037,-0.00201845277338,0.00674379603274,-0.00334985054612,,,,,,,-0.0142565305569,0.0118187127558,-0.0117629106129,,0.0142750976051,-1.47762016418,0.0369926515771,-0.00515000167054,-0.00542692753907,,,,0.0199013101348,0.0143594565826,-0.00968143082982,-0.0170359725058,,,,,,,,,,,,,,,,,,,,,,,,,,,,,,,,0.952870461129
27,Fire Alarm - Modification,,,,,,,,,,,,,,,,,,,,,,,,,,,,,,,,,,,,,,,,,,,,,,,,,,,,,,,,,,,-0.0001976267983,3.92368927636e-05,0.000311962200399,,0.185541024211
28,Fire Alarm - Reinspection,,,,,,,,,,,,,,,,,,,,,,,,,,,,,,,,0.000526399943205,0.000627390853354,-0.00285892306681,-0.000147814334268,-0.000109956540014,0.000419849440405,0.000323770170122,-0.000432520623038,-1.30330793326e-05,9.01999863297e-05,-0.000177668660496,0.00534839794033,-0.0120544401348,0.0158893593035,0.00174788950868,-0.000306291587434,0.000251809689335,-0.000608024636732,0.00107323322423,0.0126411128103,0.00174788950868,-0.000572575753805,0.000171910973918,-5.84515409374e-05,0.00267567960249,-0.000329327685177,3.44744370681e-05,0.000736346411506,-0.000349985055033,6.18909153737e-05,-0.000881542397421,0.651311071837
29,Fire Safety Director - F58,,,,,,,,,,,,,,,,,,,,,,,,,,,,,,,,0.018124117906,-0.0201435931641,0.0297423044347,0.000703724477164,-0.00718475332706,0.000267309327049,0.00181010108406,0.0584501796821,-0.00306729999794,0.00705393862624,-0.0083563484427,0.018853603656,-0.00451326135319,-0.0582134031789,-0.0102906955531,-0.001400479197,0.0028849049997,0.00160378015843,-0.00741037719367,-0.10833817484,-0.0102906955531,0.015472844362,-0.0216981286318,0.00464577488503,0.00270708518068,-0.00272634807247,0.00443423592877,0.000947674740945,-0.00158902725396,0.0073960918809,0.0289805560237,-3.7224006962
30,Food Establishment,-0.00494168127433,0.00526705518833,0.000484214512695,0.00202434848522,0.00144100156028,0.000433981357296,0.00116622221169,0.000363684370233,0.00238996637839,-0.000966143364561,0.00617805989798,-0.00105512309852,0.00852366311796,0.000120559650956,-0.0215184055604,0.00238849562231,0.00324693980339,0.00030198603715,,0.000619994034786,0.152099093444,0.00763891196823,-0.00948692124709,0.00665077510994,0.00652185118339,-0.0032958327288,0.00843892306416,0.00166148440332,0.00157700083878,0.00947414437886,0.0108125438055,0.00805313842033,0.00374762433069,-0.0264827508907,-0.00231705787427,-0.00167792812476,0.00799356235513,0.00203007065424,0.00926723993525,-0.000414238000998,0.00143332342597,-0.00405095469881,0.0833079408099,-0.183395745765,0.225256759456,0.0122029155233,-0.00393753982984,0.00317477783392,-0.00968006743535,0.0164630432977,0.119750464092,0.0122029155233,-0.00544216923487,0.00403238001976,-0.000762718667596,0.0177830711613,-0.00303310606712,0.00131890156203,0.00381518314444,-0.00150039107185,0.000456225907149,-0.0107271272365,25.1839701466
31,Food Poisoning,-0.0021117212228,0.00208241565487,0.000197900246749,0.000784255455837,,,,,,-0.000766844411182,0.00271603473713,-0.000640587749268,0.00269945447162,0.00142523961961,-0.00923396989264,0.00093277970507,0.00126132421684,-4.70362962342e-05,,0.000107642163003,0.0171346314097,0.00347262642185,-0.00526679398192,0.00302396453919,,,,0.000697708432173,0.000289789842536,0.00421029425688,0.0049805288213,0.00491865071976,0.000318756088131,-0.0104127268669,-0.000824350264022,-0.00115969363995,0.00123130603995,0.00124740378944,0.0113875680217,-0.000453951682895,0.00105996715937,-0.00191953439252,0.0311079182858,-0.0673304920954,0.0831451974373,0.00684773615769,-0.00195144377933,0.00156625564517,-0.00402448827476,0.00623902301843,0.0535866185548,0.00684773615769,-0.00222398714733,0.000411386547709,-6.13110703808e-05,0.0112074575222,-0.00176824343435,0.000594356634566,0.00239799645997,-0.00120130631647,0.000662053773682,-0.00292503064496,8.67694995407
32,For Hire Vehicle Complaint,-0.000650743767304,0.00143690534041,-7.35405507955e-05,4.31243497403e-05,0.000332642951079,0.000172836430115,0.00019051475867,0.000208166061606,0.000657957874087,-1.01765535132e-05,0.00137963602669,,,,,0.0001300695032,0.000962479091657,-0.000336734186884,,0.000373045765138,-0.0346253767431,0.00285211592381,-0.00327584111191,0.00157931905566,,,,0.000675507309389,0.000497140948917,0.00227019964083,0.00253263827556,0.00229185748339,-0.000276134470589,-0.0033224438672,-0.000239303722291,-0.000537664190686,0.00022348561101,0.000751289315456,0.00429060296704,-0.000182519380517,0.000542860491733,-0.000443573370341,0.0111870542222,-0.0255926250815,0.0399143807412,0.000291553271545,-0.00101275767097,0.000865115418267,-0.00316601378526,0.00586946667243,-0.112614651479,0.000291553271545,0.00211834808666,-0.00309035865748,0.000340174105875,0.0047819358994,-0.000768832215463,0.00035823216078,0.000385155824914,-0.000151300525853,0.000405967237124,0.00138433722203,8.8686734913
33,Found Property,-0.000595440936221,0.00073962859133,-0.000293731126846,0.000602892573534,,,,,,-0.000465672686475,0.000807423685107,-0.000434344007558,0.000711477334413,0.000231148960796,-0.00160914719575,,,-0.000139634705184,,-0.000115866737999,0.0215620272412,0.000845775575415,-0.00206076537938,0.000993398503681,,,,5.78419496505e-06,-0.00011152877702,0.00135732308005,0.00153155971086,0.00166566601319,-0.0011081529737,0.000132960748484,-4.68373147938e-05,-0.000401632585635,-0.000210757495539,0.000485395408942,0.00181777438061,-0.000187944159834,0.000383675054711,-0.000290562995466,0.00619082242417,-0.0148169891173,0.0260736986732,0.00178669816762,-0.000454698761125,0.000378540770842,-0.000955426575141,0.00137664390076,7.19809704696e-05,0.00178669816762,-0.000763407590923,0.000212913579959,3.79257769234e-05,0.00220885349482,-0.00041904069315,0.000210281686995,0.000457279384055,-0.000275478650988,0.000298657849923,0.000126474248576,0.518897512363
34,GENERAL,0.00790377586975,0.012247588813,8.25877137075e-05,-0.0109199568467,0.00211579444229,0.00588561875158,-0.00157633492174,0.00765366083095,-0.00227488820689,0.0127376694469,0.00437389631269,,,,,-0.0142853726226,0.0147705571286,-0.012900968834,,0.0167270065126,-1.41700324785,0.0405464635315,-0.00256840438702,-0.00374911498797,,,,0.0235015129905,0.0167350935523,-0.00655596150474,-0.0164529596841,,,,,,,,,,,,,,,,,,,,,,,,,,,,,,,,-4.64222585399
35,GENERAL CONSTRUCTION,0.00950405225103,0.005203050056,-0.000801404411349,-0.00900065284336,0.000856459750073,0.004355564574,-0.000839037926673,0.004003038538,-0.00609373988679,,,,,,,-0.00963288268647,0.00791890158378,,,,,0.0251650395159,-0.00128915650276,-0.0048949193339,,,,0.0126208607306,0.0110545267887,-0.00820652106465,,,,,,,,,,,,,,,,,,,,,,,,,,,,,,,,,1.70319450226
36,General Construction/Plumbing,-0.0045225367015,0.00804688429588,0.00827068560033,-0.0118372295822,,,,,,0.00703719344079,0.00795641631471,0.00543077877785,0.0182724701329,-0.00275348046005,-0.0361742512232,0.008941602715,0.00733625681956,0.00625043163976,,0.00390511052071,0.951109862279,0.00784828897948,0.00572498354457,0.00953000863448,0.000943738790207,-0.000795303170122,0.0212890206519,0.0032400574026,0.00785132405326,0.0155797000844,0.0151202389492,,,,,,,,,,,,,,,,,,-0.0224522404259,0.0410882658401,0.515629874691,,,,,,,,,,,-0.0449994783309,54.3422855751
37,Graffiti,0.00250000817541,0.00749089706974,0.000541255240874,-0.00946437471862,,,,,,,,,,,,-0.00379956787333,0.00562121478493,,,,,0.0132385295856,0.00362330476487,-0.00126970442139,,,,0.00525475859169,0.00840673294667,-0.000584687302114,,,,,,,,,,,,,,,,,,,,,,,,,,,,,,,,,19.3326808606
38,HEAT/HOT WATER,0.0390593193471,0.0496648036994,0.00323365185917,-0.0436749707822,0.010846915445,0.0246632744032,-0.00675904532032,0.039085547606,-0.021213195922,0.06398895794,0.0187674923604,,,,,-0.0689803340703,0.0710449119518,-0.060448350966,,0.0794275489512,-7.39602687033,0.191197133211,-0.00218799884637,-0.0202215766951,,,,0.0958732271639,0.0962961811934,-0.0375608205027,-0.075395861353,,,,,,,,,,,,,,,,,,,,,,,,,,,,,,,,8.39246143183
39,HEATING,0.0342476015251,0.0329418806184,0.00335997774009,-0.036539359533,0.00663911977588,0.0200827035608,-0.00478893512763,0.0294435402938,-0.0241665600685,,,,,,,-0.0574787906226,0.0528411196324,-0.049534676488,,0.0627131056994,-6.41392754537,0.132716892846,0.0313438254055,-0.0276375969687,,,,0.0742471116889,0.0746297584093,-0.0400224657531,-0.0700949073235,,,,,,,,,,,,,,,,,,,,,,,,,,,,,,,,13.4562099916
40,Hazardous Materials,,,,,0.000506404191762,0.000157561229235,1.48095408591e-05,0.000136650785173,0.000880734213266,0.000163192839446,0.00136848915525,0.000114356488689,0.000516175185764,0.00399013422399,-0.0107238339255,0.00117824527659,0.000750732903898,0.000358412997659,,0.000358960895628,0.0877679301293,0.000905625968131,-0.000599646660453,0.0015756527116,,,,0.000357314943311,0.000475308977312,0.00227461604921,0.0017345291786,0.00107534297517,0.00236298402554,-0.00914142848871,,,,,,,,-0.000178161706449,0.01463059695,-0.0340394843016,0.0461247595309,,-0.001011457942,0.000766066265139,-0.00332351111739,0.00634671490748,-0.0239347315139,,,,,0.00207947673064,-0.000329647176878,0.000175008063117,,,,-0.00337366599466,8.67291930919
41,Homeless Encampment,-0.00290559623783,0.00453311113852,-0.00131175925517,0.00208470896915,,,,,,-0.00209279579193,0.00473010419426,,,,,0.00108401278472,0.00191167976232,-0.000761303066878,,-0.000145497730334,0.121372209487,0.00562577991057,-0.0098599063899,0.00503467872061,,,,0.00173747503314,-0.00063783422163,0.00731971673493,0.00798093244979,0.0108741166867,-0.00150212038566,-0.0174158635586,-0.000544258472451,-0.00126901377286,-0.00242143010595,0.00191017319815,0.0187075944628,-0.00113197669796,0.00207462384613,-0.00167248613077,0.0632320766254,-0.157027143128,0.27310956607,0.0200025324461,-0.00400627793073,0.00292095366141,-0.00785048315721,0.011022850366,0.134757936444,0.0200025324461,-0.00735555832237,0.00142926277488,-0.000160727842639,0.0215482567313,-0.00365933540665,0.00109378336464,0.00680189347072,-0.00377950384011,0.00143238634723,-0.00581162712735,7.84284730072
42,Homeless Person Assistance,-0.00197930030083,0.00287194375356,-0.00105334607858,0.00202053434519,,,,,,-0.00136649491401,0.00291875006588,,,,,,,-0.000726278657446,,-2.57827861452e-05,0.0213055290618,0.00380281340157,-0.00735649975219,0.00343517412311,,,,0.000856102562892,-0.000379400443166,0.00458648085054,0.00496956921645,0.00653160483265,-0.00306083994178,-0.00364641568825,-9.40107967881e-05,-0.000583148812862,-0.00170526195474,0.000792704229794,0.0116583967692,-0.000617204906113,0.00123806343754,-0.000108741931315,0.0202575015395,-0.0537675012216,0.111596706103,0.0128402150279,-0.00197414632103,0.00153741675122,-0.00418274171052,0.00619067296065,0.0510311460677,0.0128402150279,-0.00578980003463,0.00246010218782,-0.000200686522789,0.0113262645525,-0.00194710893114,0.000695744520803,0.00309393033984,-0.00169342260597,0.000862976877375,-0.0025035239129,4.91147351927
43,Illegal Parking,0.00412096081269,-0.00230036857828,0.0136062663388,0.0051044652345,0.00985590735822,0.00305611777439,0.00801982799576,0.00325920113892,0.00735696294037,0.0262004305512,0.00319824746739,0.0231099062932,0.00715767974827,0.0517756274061,-0.169232980139,0.0300918248557,0.00883839362866,0.030361480292,,0.00619826516664,0.699264076546,-0.0024039043463,0.0539479638935,0.00736834520902,0.0404422099662,0.0108546634896,0.0491449640285,,,,0.0259541157332,,,,,,,,,,,,,,,,,,,,,,,,,,,,,,,,76.4993573462
44,Illegal Tree Damage,-0.000703683551788,0.000648328481252,0.000368599692589,0.000283618046732,0.000408442951243,1.92197724057e-05,0.000184030977376,9.14821457082e-05,0.000931039999579,0.000366362929658,0.000777029111748,8.28603191722e-05,0.00166165207822,0.000665733516808,-0.00702680046085,0.00125208224389,0.000416055085601,0.000924738081052,,0.00010309209211,0.130242622182,-0.000804624309326,0.00221124035947,0.000748834291069,-0.00134221394454,0.000373608238788,0.00226856176342,-0.000629700489143,0.000989081902123,0.00128457672454,0.00138211849781,,,,,,,,,,,,,,,,,,,,,,,,,,,,,,,,3.65362819169
45,Indoor Air Quality,-0.00248052170584,0.00429061906408,-0.00112784463274,0.00281238510737,,,,,,-0.000814187383015,0.00413576624504,-0.000580391931363,0.00413846823669,-0.00084752492765,7.74051108373e-05,-1.55780668536e-05,0.00253966391154,-0.00207508443134,,0.0017182870035,-0.080081115212,0.00415832229448,-0.00295353645868,0.00320108768829,,,,0.00175727201719,0.00190651283003,0.0047757328192,0.00350042094457,,,,,,,,,,,-0.000554796368681,0.0327048908216,-0.0813799576449,0.139991719771,,-0.00357392951568,0.00251797996449,-0.0102102363768,0.0183819583164,-0.173406984095,,,,,,,,,,,-0.00462702269502,12.7613146825
46,Indoor Sewage,0.00050170725271,0.000245374620163,0.000148591992196,-0.000378026643508,0.000118436889157,0.000415273756481,3.05993973929e-05,0.000148597580125,0.000153683376587,0.000849483014494,-9.51888058904e-07,0.00100093190832,-0.000205884016077,0.000688580181204,-0.000549792489967,6.09412520368e-05,0.000480533658538,0.000162409177989,,0.000615639521498,-0.0507198165236,0.000755168668209,0.00135620701059,-0.000228222378179,,,,0.000891879787698,0.000577818908654,-0.000236456937146,-0.000498913978824,,,,,,,,,,,,,,,,,,,,,,,,,,,,,,,,0.210638125858
47,Industrial Waste,,,,,0.00017563461074,4.70149916106e-05,8.65453645593e-05,4.67673513107e-05,0.000303520106664,,,0.000150986977345,0.00066131280137,-0.000205297647258,-0.000536225900337,0.000531740472748,0.000195415872029,0.000459624981817,,1.37764462339e-05,0.0463635046495,0.000266470566694,-0.000118656473479,0.000487701389911,-0.00136501070634,0.000285765734545,0.000926930723888,,,,0.000788632020315,,,,,,,,,,,,,,,,,,,,,,,,,,,,,,,,2.94900771351
48,Investigations and Discipline (IAD),,,,,5.81371356354e-05,3.32150879816e-05,-2.61961666208e-05,1.48315376685e-05,0.000387271336782,,,,,,,,,,,,,,,,,,,,,,,,,,,,,,,,,,,,,,,,,,,,,,,,,,,,,,0.158839829918
49,Lead,-0.00086846905894,0.000705828656829,0.000589218693844,0.000593226536605,0.000617370813564,0.000212396935511,5.44182096504e-05,0.00018390362818,0.000446420916578,0.000482765323946,0.00129516742679,0.000441517617833,-0.00068786729683,0.00460454157625,-0.0020327506681,0.0012836342359,0.000851465375597,-1.7064364124e-05,,0.000862041306502,0.0734970652439,0.000324265097905,0.000653563364173,0.00155424585363,-7.94135340014e-05,-0.000743925805149,0.0033425338993,-0.000202153255457,0.00121282453611,0.002136361199,0.000492830420583,,,,,,,,,,,,,,,,,,,,,,,,,,,,,,,,-1.73422945034
50,Litter Basket / Request,-0.00075828853847,0.00113939540083,0.000635579061367,-0.000334873399435,0.000611719955009,0.000273009737992,-9.05270143481e-06,0.000366532590133,0.000460892132075,0.000504144327482,0.00144946120385,0.00061684890742,0.0002954942418,0.00315021309747,-0.00372664853218,0.000835463264521,0.00110765476209,-0.000183821366578,,0.000850099687166,0.114127511118,0.00190394232315,-0.000901761316937,0.00160702161654,,,,0.000636179203946,0.00107818658806,0.00214295456025,0.000918588005479,,,,,,,,,,,,,,,,,,-0.00480199811424,0.00826579877654,0.0360503258373,,,,,,,,,,,-0.00605417199084,2.97686277443
51,Maintenance or Facility,-0.000993065716025,0.00112741436994,0.00058863634438,0.000115890179263,,,,,,0.000419587403664,0.00152832819326,0.000428473405279,0.00141048145526,0.000960516975191,-0.00228373953162,0.000546183073146,0.00120155680356,-0.000105307682997,,0.000669598226188,0.114601457692,0.00286182182328,-0.00183321797049,0.0015161693369,,,,0.00167683179783,0.000605342563341,0.00188071829937,0.00124969158821,,,,,,,,,,,,,,,,,,,,,,,,,,,,,,,,7.64755159433
52,Missed Collection (All Materials),,,,,,,,,,,,,,,,0.0138736822297,-0.00208946463973,0.0180533132445,,-0.00310125090512,0.608059594749,,,,-0.030687623701,0.0186000951427,0.0111330966356,,,,0.00874830590582,,,,,,,,,,,,,,,,,,,,,,,,,,,,,,,,45.565436428
53,NONCONST,0.00446327056388,0.00332868029799,-0.000341333027211,-0.00357356448032,0.000716898099012,0.00236210451778,-0.000342900924094,0.00221475743833,-0.00073807356158,0.00541968920427,0.000439314652694,0.0068530420628,-0.00118265183891,-0.000336599630138,0.0153070037771,-0.00391176901528,0.00462075144506,-0.00348304363917,,0.00575504877872,-0.587728471444,0.0124872718849,0.00192218930942,-0.00205855378673,,,,0.0074062069347,0.00591772678418,-0.00316628024431,-0.00633296223997,,,,,,,,,,,,,,,,,,,,,,,,,,,,,,,,-2.24172519511
54,New Tree Request,,,,,,,,,,,,,,,,,,0.00656135906039,,0.00440124460926,0.475200466579,,,,,,,,,,-0.000608178633412,,,,,,,,,,,,,,,,,,,,,,,,,,,,,,,,4.05017956628
55,Noise,-0.0485456675435,0.0582738733089,-0.0102950982903,0.0333490073212,,,,,,-0.02435327497,0.0657671124674,-0.0283450190465,0.0752846631714,0.0107769977609,-0.169060863339,0.0236519291406,0.0268255932387,-0.00668057685557,,0.000168329428528,2.32365999871,0.0700689686246,-0.13703006828,0.079585709397,0.0556133792941,-0.0475744518736,0.0901308408399,0.00960446783016,-0.000675392141863,0.110917469849,0.110546934811,,,,,,,,,,,,,,,,,,,,,,,,,,,,,,,,30.1023215797
56,Noise - Commercial,-0.0256403113573,0.0485453385226,-0.00838303816196,-0.000637131988179,,,,,,-0.00800513741411,0.0351404726315,-0.00870887023711,0.0722046323569,-0.0703190272646,0.00423055826503,-0.00650553937376,0.0228245568279,-0.0149416895854,,0.0100341987412,1.68351528193,,,,,,,0.0193982289567,0.0144607584598,0.04039423856,0.036240092746,,,,,,,,,,,,,,,,,,,,,,,,,,,,,,,,10.16115059
57,Noise - Helicopter,,,,,,,,,,-0.000454756914679,0.00216889156646,7.34649459803e-05,-0.00168876848066,0.00522977064835,0.00601092353714,,,,,,,0.00297147275661,-0.00540512694457,0.00298477888439,,,,0.000920803804515,-6.34218858725e-05,0.00352415954106,,,,,,,,,,,,,,,,,,,,,,,,,,,,,,,,,-2.77835969925
58,Noise - House of Worship,,,,,9.59671023956e-05,0.000164089515905,-9.09312195571e-05,0.000153886200714,0.000511177223293,,,,,,,,,-0.00038950294823,,0.000505729875367,-0.0121313599193,,,,,,,0.000650705651395,0.000319975191465,9.11271295132e-05,-0.000519842902365,,,,,,,,,,,,,,,,,,,,,,,,,,,,,,,,1.35294944307
59,Noise - Residential,0.0323313012638,0.0779641230768,0.0249242452476,-0.102309843948,0.0121914429836,0.0320509498242,-0.00566157536305,0.0485531085973,0.0730212343832,0.0933979296205,0.022043959461,0.111215802604,0.0447137698371,-0.095723222784,0.332933062301,-0.0615170483098,0.0887033343954,-0.049726839021,,0.101723049436,-5.11293402636,0.21241239866,0.0544572778944,-0.0254553167878,,,,0.153879348431,0.092061496101,-0.0312783127506,-0.0966078496215,,,,,,,,,,,,,,,,,,,,,,,,,,,,,,,,37.0338564143
60,Noise - Street/Sidewalk,-0.00588061407209,0.0350022355225,-0.00595787774795,-0.00920687595806,,,,,,,,,,,,-0.0201324723571,0.0226608986291,-0.0232341046542,,0.0198166480385,-0.890284452713,0.0600834049129,-0.0298480199964,0.00820079956122,,,,0.0351789906223,0.0150533090081,0.0115746536802,-0.00112293891437,,,,,,,,,,,,,,,,,,,,,,,,,,,,,,,,1.07194770355
61,Noise - Vehicle,-0.00271813549667,0.0109020080704,-0.000354491029292,-0.00379281452072,0.00200502845696,0.00110008255903,-0.00197653672486,0.0039940184681,0.00736415684096,0.00277348068173,0.00632321635165,,,,,-0.00358150882051,0.00727501239619,-0.00529287055977,,0.00617636299713,-0.0261064378834,0.0163078027306,-0.00655248305138,0.00431726125786,,,,0.00815498812617,0.00633247429317,0.00637731007649,0.00178551055833,,,,,,,,,,,,,,,,,,,,,,,,,,,,,,,,7.63039881871
62,Non-Emergency Police Matter,,,,,0.000576186638728,0.000239038727708,-0.00028471304255,0.000267099571303,0.00958073574879,0.00216299905601,0.000564917604106,0.00234914249027,0.000800823040371,0.00376738260327,-0.0117253364874,0.00291224716735,0.000831778606173,0.0028365132793,,0.000893535293806,0.131873750537,-4.57265948695e-05,0.00387732542931,0.00108782120997,,,,,,,0.00121493002658,,,,,,,,,,,,,,,,,,,,,,,,,,,,,,,,10.2260959455
63,Non-Residential Heat,-0.000509091577711,0.00119912067008,-4.72743289719e-05,-0.000413657054221,,,,,,,,,,,,-8.95968866195e-05,0.000705571874104,-0.000284434444578,,0.000217606419088,-0.00272131767879,,,,,,,0.000600714214382,0.000314970764827,0.00153742676524,0.00173841973648,0.00128703413242,0.000900398147525,-0.00476373210326,-0.000190967396508,-0.000522125718839,-0.000444609573343,0.000587093473448,0.00804417274581,-0.000124112549643,0.000467290037727,-0.000527361270764,0.00501080946486,-0.00840863359307,0.00462039033462,-0.000113175615208,-0.000559714968562,0.000578990860014,-0.00163074325354,0.00323853549772,-0.0760138596943,-0.000113175615208,0.00222214783628,-0.00311744469362,0.000374909513653,0.00274147738588,-0.000358847985646,0.000239156386082,0.000210150346637,-5.7929074227e-05,0.000415157476962,0.00158296877304,4.06730161899
64,OUTSIDE BUILDING,0.000324831786303,0.000420782330117,0.000173475774373,-0.000460197069305,0.000146112695232,0.000307236232828,-5.35799221101e-05,0.000323371311746,-2.41176436357e-05,0.000749045225612,0.00016378004975,,,,,-0.000224935451012,0.000622211252623,-0.000300507150452,,0.000809417317335,-0.0785108420238,0.00113313354167,0.00101280522768,-0.000174831767883,,,,0.000829957799059,0.000847010738684,-0.000169291926614,-0.000669847773468,,,,,,,,,,,,,,,,,,,,,,,,,,,,,,,,-0.0457841290242
65,Other Enforcement,-0.00118677075711,0.00150402976617,0.0010901820087,0.000383411943596,0.000936758422778,0.000361972394553,0.000748998357216,0.000167287672095,0.00354533152661,0.00153587589614,0.00180556267468,0.00118342685769,0.00332664109373,0.00143369472154,-0.0109145747687,0.00280830700007,0.00139460240713,0.00178585227641,,0.000804541654137,0.162096739835,0.00109848822779,0.00180508370192,0.00229747281096,-0.00135174073186,0.000750993050453,0.00541305145442,-0.000459673666063,0.00223226685166,0.00350340688088,0.00350678509997,,,,,,,,,,,-0.000198477280407,0.0380587426407,-0.088287697111,0.112240944939,,,,-0.00535020841625,0.0107628928452,0.036223102791,,,,,,,,,,,-0.00953340828896,9.74399813859
66,Overgrown Tree/Branches,0.00209835044332,-0.0103333250218,0.0105239397465,-0.00493618092796,,,,,,0.0103190562707,-0.00626753665911,,,,,0.0145624790313,-0.00276909446243,0.0185083496152,,-5.6830638874e-05,0.0489056405334,,,,-0.0180357922815,0.0240592630851,0.0075622703332,,,,-0.000650539679522,,,,,,,,,,,,,,,,,,,,,,,,,,,,,,,,13.9307959028
67,PAINT - PLASTER,0.0067110778887,0.00442069077654,-0.000443429256072,-0.00744089911385,0.000664589705495,0.00316350563804,-0.000895445219347,0.00320740206976,-0.00342032487491,,,,,,,-0.00758793747414,0.00620031772553,-0.00623022756128,,0.0075891588697,-0.699363922489,0.0208912815317,-0.0039737567744,-0.00313267751227,,,,0.0103093920043,0.00807688554638,-0.00595315069044,-0.0104183249752,,,,,,,,,,,,,,,,,,,,,,,,,,,,,,,,5.64460880967
68,PAINT/PLASTER,0.0275390220847,0.0217840389677,0.00282544625314,-0.0327699864063,0.00429099876864,0.0146790200993,-0.00357807111673,0.0192767631375,-0.0147824383733,,,,,,,-0.0378548629405,0.0342353865917,-0.030796562711,,0.0427474417556,-4.50888442817,0.0927392512424,0.0136970486898,-0.0189740654234,,,,0.0496103679067,0.0492758794505,-0.0299476909411,-0.0511501434553,,,,,,,,,,,,,,,,,,,,,,,,,,,,,,,,-1.39822786025
69,PLUMBING,0.029796119283,0.0209598413336,0.00120731913537,-0.0312165880875,0.00408257790612,0.0163181203257,-0.00317068466829,0.016508795935,-0.0096672688471,0.036119081293,0.00280592735257,,,,,-0.0335390500978,0.0328610060936,-0.0276954071686,,0.0398540196051,-3.98593756712,0.0959024396115,0.00114733481226,-0.0154809479086,,,,0.0549449255201,0.0409838656115,-0.0258879157133,-0.0467570612271,,,,,,,,,,,,,,,,,,,,,,,,,,,,,,,,-0.201980377296
70,Panhandling,,,,,,,,,,-8.57831831603e-05,0.000161596880804,,,,,,,,,,,,,,,,,,,,,,,,,,,,,-4.20650731764e-05,9.16110918562e-05,-1.1668765429e-05,0.000280067690775,-0.000820024272799,0.00283819412663,,,,,,,,,,,,,,,,,,0.445919023963
71,Plumbing,-0.000290537521481,5.9769719549e-05,0.00197808562101,-0.00273982243551,,,,,,0.00156164855536,0.000180363782426,0.00149904811119,0.00164386603724,-0.00104562383563,-0.00131766345929,0.00115784547045,0.000712515425145,0.00150337686298,,0.000665113738671,0.0862107992567,-0.000831536122026,0.00489167198902,-5.78821377566e-05,,,,0.000239042907414,0.00142188920741,0.000509341207684,0.00044077256324,,,,,,,,,,,,,,,,,,,,,,,,,,,,,,,,5.05511736519
72,Recycling Enforcement,8.3308843467e-05,0.000409952220971,-0.000123801082201,0.000229770591414,0.000185859120367,0.000122244856896,4.70426906537e-05,5.27517306131e-05,0.000171188099065,0.000285184450229,0.000273793665115,0.000308473261096,0.000391550507612,0.000224789346119,-0.0010953149643,0.000292345525469,0.000280298425582,0.000195553559815,,0.000158926506509,0.0383718225148,0.000366400808049,0.000326424682461,0.000263913439488,-2.30224351451e-05,-6.77395977861e-05,0.000756480682422,4.95746723826e-05,0.000431255353208,0.000432889958629,0.000415499984287,,,,,,,,,,,,,,,,,,,,,,,,,,,,,,,,-0.028656811542
73,Request Xmas Tree Collection,,,,,,,,,,,,,,,,0.000508480908015,-7.91814889446e-05,0.000600090179383,,1.16833165209e-05,0.00565720217404,,,,-0.000791119431138,0.00074089114361,0.000351203779635,,,,-4.41578054283e-05,,,,,,,,,,,,,,,,,,,,,,,,,,,,,,,,1.0423740674
74,Rodent,0.00155105425755,0.0120613104705,-0.00124353548763,-0.0025698344195,0.00284346112685,0.00376096832216,-0.00102933967332,0.00453128231994,0.00265836944127,0.00711417954525,0.00717661442506,,,,,-0.00376586933112,0.0104911295673,-0.00611135595335,,0.00912223185806,0.244123879036,0.0302098014223,-0.0137116620421,0.00496430178505,,,,0.0174615297859,0.0074068079985,0.00518789481527,-0.00309555866017,,,,,,,,,,,,,,,,,,-0.040338455527,0.0723601404558,-0.510146588237,,,,,,,,,,,-0.0288105741512,39.0597765568
75,Root/Sewer/Sidewalk Condition,0.000769182069385,-0.00632783185946,0.00580762810056,-0.00236371002648,,,,,,0.00499821873766,-0.00375148459791,,,,,0.00819836005087,-0.00219728639513,0.0108178772468,,-0.000897749361374,0.127833471432,,,,-0.015938303684,0.013784814534,0.0038832738435,,,,-0.00015249540012,,,,,,,,,,,,,,,,,,,,,,,,,,,,,,,,14.9117807318
76,SAFETY,0.00321905705172,0.00299781641629,-0.000165834025462,-0.00411942954834,0.000427715103414,0.00140844151998,-0.000128221991203,0.00206422363804,-0.00132698237423,0.00419654942376,-0.000106726509091,0.00483646326356,0.000351202297313,-0.00408995278856,0.0175133979187,-0.00335333996453,0.00334890529414,-0.00280167955739,,0.00410932442294,-0.285101317002,0.00897772599547,0.00198414558808,-0.00195650912437,,,,0.00510312289446,0.00461483451206,-0.00274837657287,-0.00496304347848,,,,,,,,,,,,,,,,,,,,,,,,,,,,,,,,4.1587251724
77,Sanitation Condition,0.00698333349467,-0.00214339400738,0.00711015145634,-0.00913133876263,0.00237043084587,0.0041910766949,0.00293630148242,0.000330959719205,0.0077890333595,0.0144199788793,-0.00361640093042,0.0143967944711,0.00166010173068,0.0120576064021,-0.0539965262497,,,0.0132226910715,,0.00430703596592,0.059302545749,,,,,,,,,,0.000164680578556,,,,,,,,,,,,,,,,,,,,,,,,,,,,,,,,20.3252147571
78,Scaffold Safety,,,,,,,,,,,,,,,,,,-6.76144620505e-05,,8.33777264919e-05,0.0139905068605,0.000406961435677,-0.000636930280555,0.000355393694812,,,,0.000107984044122,3.26267876451e-05,0.000432184324353,0.000213991651962,,,,,,,,,,,,,,,,,,,,,,,,,,,,,,,,-0.366443321569
79,School Maintenance,,,,,0.000180847513277,0.000182952071784,8.90718814429e-06,0.000152570318777,0.000127297960966,,,,,,,,,,,,,,,,,,,,,,,,,,,,,,,,,,,,,,,,,,,,,,,,,,,,,,0.668725064582
80,Sewer,,,,,0.00193000648362,0.00330264169798,0.00145001260626,-0.00142395150654,0.0221677939972,,,,,,,0.0212761111146,-0.00241998045301,0.0285113683656,,-0.000266847446991,-0.115114467028,,,,-0.0253466674711,0.0411827481868,0.00812754209113,,,,0.00609301756563,,,,,,,,,,,,,,,,,,,,,,,,,,,,,,,,74.4649591789
81,Sidewalk Condition,-0.00162455592514,0.00300663370836,-0.000821941173838,0.00243498250959,0.00108944715215,0.000213882696535,0.000152331460673,9.46165197396e-05,0.00157157752335,-0.000262280239481,0.00312701991419,-0.000634557640044,0.00272448759809,0.00453017926703,-0.0159619376779,0.00201443790812,0.001537872007,0.000151420594606,,0.000353664669984,0.2056893088,0.00338454345888,-0.00549933088545,0.00418304339217,0.000354274350775,-0.00226096155525,0.00611163413577,-6.09670861919e-05,0.000910846556934,0.00569632016017,0.00498726592515,0.00268175220538,0.00236843711545,-0.0119901257728,-1.57324205836e-05,0.001136677465,0.00342776863483,0.000531378248451,-0.0217434547522,,,0.000585138947814,0.0307262893749,-0.0759226621045,0.11813877362,,-0.00174465588482,0.00141438675441,-0.00567765101747,0.0109502010563,0.0504337381705,,,,,0.00499127714675,-0.00106121165543,0.000689055476658,,,,-0.00905381806447,13.6286754924
82,Smoking,,,,,,,,,,,,,,,,-0.000129842193064,0.000819200256769,-0.00026293224094,,5.84817658182e-05,0.00883370300124,,,,,,,0.000554144942804,0.000559137670791,0.00161097815762,0.00268044508455,,,,,,,,,,,-0.000867683555957,0.0185444403931,-0.0422493888815,0.0588296527375,,-0.00088912798398,0.000691723275362,,,,,,,,,,,,,,,4.859949161
83,Snow,0.000556538140116,-0.00433608355377,0.00589200680968,-0.00220175634075,0.00159834269469,0.00101549266001,0.000991088035096,-0.000121125899984,0.00115348380501,0.00568072289473,-0.00122810189956,0.00464041338386,-0.00096387547461,0.0139880027965,-0.0432986639396,0.00731599405608,0.000296212702241,0.0087223078349,,0.00101922812228,0.226715343952,-0.00995629864887,0.0250450163098,-0.00176790149077,-0.00186972618573,0.0102125832715,0.00598840996054,,,,-0.000614030051965,,,,,,,,,,,,,,,,,,,,,,,,,,,,,,,,33.4745205458
84,Special Enforcement,,,,,,,,,,,,,,,,,,,,,,,,,,,,,,,,,,,-0.00321288678294,-0.00236843440368,0.00479105250465,0.00170605448995,0.0370599955655,,,,,,,,,,,,,,,,,,,,,,,,18.3305463042
85,Special Projects Inspection Team (SPIT),,,,,,,,,,,,,,,,,,,,,,,,,,,,-0.00140418262253,0.00229679888083,0.00461463296137,,,,,,,,,,,,,,,,,-6.73245556213e-06,0.00031757549084,,,,,,,,,,,,,,,16.3981604456
86,Standing Water,,,,,,,,,,,,,,,,,,0.00178702340249,,-0.000141253935104,0.0488407364632,,,,,,,,,,0.000233442910574,,,,,,,,,,,,,,,,,,,,,,,,,,,,,,,,2.2273851512
87,Street Condition,,,,,0.011694282957,0.00401006794161,0.00705118702667,-0.001836242416,0.0368057565683,0.0276748597543,0.00479163437455,0.0238555979311,0.00343814642307,0.0736825775418,-0.186591754602,0.059686605721,0.00232885894101,0.0617872718614,,-0.00370458178934,1.31438682447,-0.0231802001033,0.0493260424955,0.0238814234935,-0.0563086439183,0.0626195001063,0.0646128256518,,,,0.0570139920699,,,,,,,,,,,,,,,,,,,,,,,,,,,,,,,,241.918355333
88,Street Light Condition,,,,,,,,,,,,,,,,,,0.0311270670497,,0.00343885900305,0.582983347019,,,,,,,,,,-0.0111594809209,,,,,,,,,,,,,,,,,,,,,,,,,,,,,,,,91.8404822097
89,Sweeping/Missed,,,,,0.000413853429499,0.000450099335238,0.000394705912828,0.000118315292523,-0.000837193238596,,,,,,,,,,,,,,,,,,,,,,,,,,,,,,,,,,,,,,,,,,,,,,,,,,,,,,-5.40436060659
90,Taxi Complaint,-0.0212258687034,0.025700177405,-0.0089394598408,0.0197825237889,,,,,,-0.016199150123,0.0294754059307,-0.0144897898848,0.022750717951,0.0121518850653,-0.0497014225685,,,-0.00606662762565,,-0.00315268400036,0.658517989577,0.0338131486977,-0.0773029179941,0.0363239469214,,,,0.00388029681926,-0.00555607601564,0.0493230478885,0.0538174752609,0.0613075223173,-0.0367601122214,-0.00745622411403,-0.000835400614478,-0.0127915676839,-0.0135189555911,0.0138316922729,0.101121059757,-0.00728657143817,0.0146443021314,-0.0116362602641,0.200709732856,-0.469605939563,0.808456852795,0.0752752458346,-0.017098809127,0.0141595192219,-0.0364273204005,0.052208270455,0.0897443552178,0.0752752458346,-0.0306676427303,0.0066956738146,0.00154600680645,0.0927029684222,-0.017339191127,0.00809142494856,0.022574661292,-0.0134566827371,0.0117871445111,0.00131128590975,29.4620137828
91,Taxi Report,,,,,,,,,,-0.000500678345273,0.000846750194195,,,,,,,,,,,0.00097662297451,-0.00236775994784,0.00107323856344,,,,3.86408783584e-05,-0.000185858996786,0.00147882581004,,0.00203004148401,-0.00211194045778,0.00251451183292,5.51890583636e-05,-0.000507147196935,-0.000497753957134,0.000314351184116,0.00411769945386,-0.00027839478857,0.000547707073662,-0.000446068809887,0.00497098167798,-0.0113814354383,0.0212052557937,0.00109076882143,-0.00039677488673,0.000366296957614,-0.000855734158587,0.00109019863193,-0.0177526423191,0.00109076882143,-0.000329404641778,-0.000280734407739,0.000172389751274,0.00182266458069,-0.000455094287969,0.000320077052549,0.000210701552923,-0.000200247870855,0.000481029105304,0.00136126187414,0.590942526319
92,Traffic,,,,,,,,,,-0.00135568187237,0.00358154370238,,,,,,,0.000305775842894,,-0.00038309433722,0.110877622603,,,,,,,,,,0.00740786451544,,,,,,,,,,,,,,,,-0.00240094413361,0.00185578774299,,,,,,,,,,,,,,,11.1845400632
93,UNSANITARY CONDITION,0.0271639780087,0.0194072703897,0.00105509600553,-0.0271890436053,0.00387674512244,0.0146293269789,-0.00167470886187,0.0153678964579,-0.00954620103237,0.0351945537425,0.00108490120174,0.043955718758,-0.00301589571212,-0.0243374110931,0.1546656001,-0.0290393064707,0.0297735664446,-0.0230489995794,,0.0365604543223,-3.24686735831,0.0775464373724,0.0211675318827,-0.0174167196728,,,,0.0457135766715,0.0412815406388,-0.0250611865825,-0.0447175452268,,,,,,,,,,,,,,,,,,,,,,,,,,,,,,,,13.7779431712
94,Unsanitary Animal Pvt Property,0.000305973608117,-0.000438656722464,0.000819939492245,-0.00080930098604,0.000137136641304,0.000256172498395,-8.88401120777e-05,0.000128497882,0.000932123041829,0.000926364588866,-0.000192944996253,0.00103078256478,-0.000550202826751,0.0012374396603,-0.000730854375973,,,0.000694581983415,,0.000478499962776,-0.0216106047242,,,,,,,,,,-0.00073206900253,,,,,,,,,,,,,,,,,,,,,,,,,,,,,,,,3.85989253002
95,Unsanitary Pigeon Condition,-0.000111232620121,0.00014694276541,3.76303440885e-06,0.00047315479273,,,,,,,,,,,,0.000335523111125,0.000175321504367,,,,,-2.60819108367e-05,0.000516634277062,0.00023564012122,,,,,,,,,,,,,,,,,,,,,,,,,,,,,,,,,,,,,,,-0.528905549263
96,Urinating in Public,-0.000133958530857,0.000240335388603,1.82060208043e-05,1.52709889244e-05,,,,,,1.76597774952e-05,0.000240975358712,6.79255923237e-05,0.000205274459632,-0.000100276735422,0.00066301320694,4.03681943585e-05,0.000174101213102,-8.34201019604e-05,,0.000110611408535,0.00305609143375,0.000407566472308,-0.00032137872504,0.000230968719339,,,,0.000145508658028,0.000121361530532,0.000327305045856,0.000252842647988,,,,,,,,,,,,,,,,,,-0.000744885632601,0.00137023111519,-0.00368134563067,,,,,,,,,,,-0.000763644866397,0.75266437922
97,Vending,,,,,,,,,,,,,,,,,,,,,,,,,,,,,,,,,,,-0.000895867052718,-0.00243916777561,0.00280984075833,0.0046267038029,-0.0126297959153,,,0.0010240901761,0.0138825384606,-0.0430410952795,0.117076870384,,,,,,,,,,,,,,,,,,5.57533469664
98,WATER LEAK,0.0137975114562,0.00960571744273,0.0002429793358,-0.014062638935,0.00179759268779,0.00757069219039,-0.000779943491191,0.0074582135387,-0.00817537859021,,,,,,,-0.0155538301806,0.0146666519709,-0.0125087725527,,0.0185423652101,-1.88453573361,0.0383161979143,0.0116656288097,-0.00976472060506,,,,0.0228834898096,0.0207298995501,-0.0140792804801,-0.0232874606795,,,,,,,,,,,,,,,,,,,,,,,,,,,,,,,,3.52579336987
99,Water Conservation,,,,,,,,,,,,,,,,,,0.00268574580235,,-6.20019465519e-06,0.0359070088512,,,,-0.00404632480034,0.00441425464289,6.05186570305e-05,,,,-0.000325294055145,,,,,,,,,,,,,,,,,,,,,,,,,,,,,,,,12.2872352737
100,Water Quality,-0.000134572003435,0.000261738004374,-0.000106019378208,0.000893277804118,0.000218546816557,9.27089406576e-05,3.26447133903e-05,4.37779821979e-05,0.000137721327358,0.000237057031797,0.000379843020079,0.000234942242799,0.00017083975374,0.000545091697203,0.000449601426716,0.000555319200581,0.000252881594053,0.000432440979039,,0.000164896422188,0.0238304291667,2.69127335359e-05,0.000570131976182,0.000413893489551,-0.000460622780664,0.000349520251949,0.000926337228007,-3.14330866033e-06,0.000408010455349,0.000538488778063,0.000403149160578,,,,,,,,,,,,,,,,,,,,,,,,,,,,,,,,1.70706111277
101,Water System,-0.00277630581724,0.000451456715777,0.0161732470619,-0.0188709410336,0.00415068775233,0.00263651841432,-1.89864876364e-05,0.00456867354182,0.0106913424221,0.0132332707204,0.00346882319885,0.0119171489156,0.00880893657868,0.0114009275584,-0.0520464069039,0.0125993671577,0.00662150130827,0.0150213208877,,0.00592916804389,-0.436296572538,0.00800988853269,0.0159453065762,0.00544109634753,,,,,,,0.0119911099318,,,,,,,,,,,,,,,,,,,,,,,,,,,,,,,,138.671944408
