,Unnamed: 0,Neighborhood,Total Population,Population under 18,population between 18 and 34,population between 35 to 64,population 65 and over,Population white,population black,Population asian,population hispanic,population other race,Total households,family households,nonfamily households,population education high school or less,population education bachelors,population education masters,population education phd,total housing units,owner  occupied units,renter occupied units,transportation car,number of cars,transportation public,tranportation motorcycle,income per capita,household income less than 40,household income from 40 to 75,household income 75 and above,house value less than 100,house value for 100 to 500,house value 500 or more,rent less than 1000,rent bewteen 1000 and 2000,rent 2000 or more,Transportation Other means
0,0,Airport,0,0,0,0,0,0,0,0,0,0,0,0,0,0,0,0,0,0,0,0,0,0,0,0,,0,0,0,0,0,0,0,0,0,0
1,1,Allerton-Pelham Gardens,33848,7295,7423,13237,5893,8785,10594,2872,10633,964,9587,7383,2204,6647,3512,1779,249,10207,5570,3876,6458,5419,5812,28,25143.09091,2446,2396,3909,195,3554,1821,1357,2167,352,705
2,2,Annadale-Huguenot-Prince's Bay-Eltingville,28853,6160,5925,12312,4456,25831,151,854,1820,197,9885,7896,1989,6725,4189,1670,149,10536,7772,1736,9942,9059,2706,0,37094.5,1631,2129,5658,134,3087,4551,546,921,269,218
3,3,Arden Heights,25602,5368,5468,11481,3285,20381,362,1605,3040,214,8960,7147,1813,5523,3895,1782,141,9237,7893,998,8937,7535,2640,0,35804,1362,1875,5419,218,5477,2198,249,615,134,62
4,4,Astoria,77095,9879,28272,28870,10074,39620,3555,10772,21201,1947,34310,16041,18269,12369,16794,6921,848,37046,5134,28476,6832,5714,31245,80,32510.95652,9817,9642,12079,114,2200,2820,6117,19255,3104,3584
5,5,Auburndale,20999,4035,4412,9020,3532,8809,200,9205,2273,512,7122,5452,1670,3734,3278,1878,254,7448,4885,2115,5636,4502,3206,0,29580.71429,1658,1875,3319,116,935,3834,198,1440,477,297
6,6,Baisley Park,37155,9160,9730,14213,4052,331,27026,1871,4864,3063,10730,8375,2355,8704,2767,1142,38,11788,6800,3796,7335,6530,7899,0,22622.625,2689,3218,4186,306,5665,829,1172,2211,413,657
7,7,Bath Beach,32002,6470,7744,12691,5097,15104,374,11278,4872,374,11125,7905,3220,6678,4431,1822,199,12040,4587,6219,4377,3379,8016,5,28087.27273,3354,2860,4014,104,1068,3415,1754,4319,146,745
8,8,Battery Park City-Lower Manhattan,42485,5859,19178,14736,2712,27760,1216,8376,3867,1266,21216,8217,12999,1256,14063,7649,1247,25317,4368,16436,1625,1476,16721,0,97467.28571,2193,2505,15321,245,941,3182,1626,1040,13770,8120
9,9,Bay Ridge,84439,17275,20342,35004,11818,54257,1459,12084,14227,2412,34991,19961,15030,13970,15350,7495,1089,37740,12124,22237,11879,9608,21598,11,36166.17857,9649,8761,13927,685,3856,7583,4143,16616,1478,3731
10,10,Bayside-Bayside Hills,46667,9030,9682,20170,7785,19379,811,18010,6958,1509,16008,11777,4231,8007,9080,3935,683,16824,10624,5066,13727,11481,6579,5,34104.94444,3547,3490,8393,429,2477,7718,451,3480,1135,877
11,11,Bedford,71706,21501,22234,22575,5396,21931,32549,1920,13811,1495,24920,14307,10613,11305,7157,3787,311,28745,4563,19942,4236,3450,18306,29,21487.36842,9401,5695,6142,225,1090,3248,9053,8720,2169,4870
12,12,Bedford Park-Fordham North,53362,13786,15485,19924,4167,3738,8375,2242,38252,755,18636,11921,6715,9307,2990,979,50,19960,861,17493,3675,2839,14351,16,15123,8376,4206,2958,77,687,97,5682,11562,249,2245
13,13,Bellerose,26609,5389,6616,11097,3507,8134,1521,10591,5264,1099,8252,6570,1682,5363,4145,2166,155,8834,5974,2013,8500,7598,3189,0,27919.16667,1680,1911,4274,208,3531,2235,280,1548,185,301
14,14,Belmont,27395,7507,10444,7595,1849,5780,4142,462,16519,492,8643,5316,3327,3824,852,425,104,9554,410,8020,1644,1185,4987,0,11039.6,4391,1460,799,74,297,39,3935,3981,104,2089
15,15,Bensonhurst East,61820,11738,14718,25135,10229,30304,404,23333,6755,1024,21974,16076,5898,13477,7850,3191,245,23761,8106,13284,7041,5370,16901,26,23776,7827,5700,6353,425,1710,5971,4097,8863,324,2475
16,16,Bensonhurst West,90834,19048,22607,35698,13481,40801,659,34578,13719,1077,30027,21853,8174,19779,10270,3405,289,31965,10429,18843,10398,7743,23654,5,22273.84615,10535,8239,8822,383,2096,7950,5162,13121,560,3436
17,17,Borough Park,109422,43293,25876,29945,10308,82725,633,14101,11307,656,28130,22177,5953,20772,6149,2833,303,30444,8654,18463,9847,7099,13481,0,15476.21429,12893,6537,6448,262,1180,7212,4991,11491,1981,10373
18,18,Breezy Point-Belle Harbor-Rockaway Park-Broad Channel,28972,6813,4705,12202,5252,22575,2283,608,3206,300,10866,6909,3957,4827,4140,2477,195,13277,6669,4041,7413,6627,3004,18,38082.125,2582,2352,5414,325,2553,3791,1174,2644,223,572
19,19,Briarwood-Jamaica Hills,40027,7358,11277,16505,4887,7749,4310,15438,10310,2220,13735,8999,4736,6353,7720,3326,328,14536,5158,8317,6129,5374,11550,0,23921.45455,3683,4210,4950,159,3178,1821,1166,6477,674,1429
20,20,Brighton Beach,33146,5823,7015,12971,7337,22785,432,5053,4105,771,14145,8028,6117,6494,6812,1992,248,15738,4224,9617,3906,3079,7038,0,25309.33333,5005,2465,3621,293,1624,2307,4287,4978,352,2012
21,21,Bronxdale,35587,8478,9666,13371,4072,4219,10807,1624,18245,692,13361,8760,4601,6625,2736,1215,181,14438,1679,11469,4299,3801,8504,0,19014.25,4844,3307,2927,262,1172,245,5347,5929,193,1442
22,22,Brooklyn Heights-Cobble Hill,23532,3008,7957,9492,3075,17273,1351,1830,2099,979,11036,4681,6355,1536,6812,4467,780,12655,4866,5898,791,575,9589,14,81744.5,1957,1647,6927,249,1322,3295,824,2222,2852,1676
23,23,Brownsville,61161,18852,16359,20186,5764,557,47823,571,11436,774,21030,14577,6453,12997,2472,779,38,22685,3032,17800,3759,3079,13597,0,15366,9425,4110,2645,323,2321,388,11605,5976,219,1369
24,24,Bushwick North,63458,15333,23969,20653,3503,7672,6031,3781,45496,478,19191,12912,6279,7546,5203,1776,89,20699,1997,16916,3518,2796,20944,22,18461.84615,6681,5251,4759,140,918,939,4151,11140,1625,4153
25,25,Bushwick South,75202,16976,25875,25409,6942,8688,18817,2247,44401,1049,25575,15556,10019,12202,7371,1966,181,28495,3997,21291,4597,3887,23362,45,18370.19048,9280,6541,5548,163,2053,1781,8651,10365,2275,3629
26,26,Cambria Heights,19688,3303,3958,8592,3835,316,17937,258,765,412,6178,4809,1369,4442,2544,1428,136,6488,5120,987,5489,4742,3431,0,31611.46154,1089,1684,3239,387,4379,354,261,512,214,147
27,27,Canarsie,87511,20306,21506,36474,9225,4326,72157,2612,6918,1498,28134,21733,6401,16890,9458,4123,226,29934,13672,14089,17326,14523,21970,8,25340.24242,7083,7317,11303,464,7742,5466,4475,8923,691,1433
28,28,Carroll Gardens-Columbia Street-Red Hook,40307,7300,11877,17101,4029,24320,4143,2200,8410,1234,17786,9517,8269,4652,10291,6131,592,19186,4781,12779,2133,1688,14388,16,56519.91667,3278,3042,9632,124,677,3980,4092,3815,4872,3736
29,29,Central Harlem North-Polo Grounds,81355,17484,24408,31230,8233,6442,50683,2363,19374,2493,33896,16327,17569,13710,9216,4769,551,37867,3592,29821,3852,2980,23659,66,25241.75,13152,8207,6794,493,1328,1771,17489,10887,1445,3312
30,30,Central Harlem South,48596,10041,14834,19284,4437,9110,26656,2043,9569,1218,18974,9632,9342,7528,7649,4929,722,21578,3430,15333,1768,1495,16576,39,35982.2,5730,4044,6371,163,866,2401,8056,4901,2376,1834
31,31,Charleston-Richmond Valley-Tottenville,24574,6322,4696,10936,2620,19836,454,974,3052,258,7853,6268,1585,4933,3390,1645,50,8361,6376,1421,8001,7378,2304,0,34811.5,1475,1504,4656,185,2541,3650,284,989,148,156
32,32,Chinatown,45091,6257,12770,19053,7011,7510,1867,27854,6134,1726,17922,9244,8678,6658,7875,2195,292,19834,1229,16443,1564,911,11224,0,31538.625,6809,3578,4816,60,433,736,8729,4982,2732,6899
33,33,Claremont-Bathgate,33205,10986,8791,10793,2635,335,14093,16,18386,375,10299,7284,3015,4841,1224,323,23,10927,510,9640,1593,1305,6487,0,11173.5,5143,1848,714,49,401,60,6370,3179,91,700
34,34,Clinton,41972,2554,15460,19123,4835,24427,2173,5552,8693,1127,25095,5395,19700,3919,13228,7030,800,31313,3727,20895,1758,1459,13467,0,68308.14286,6366,4638,12345,96,900,2731,5412,6314,9169,11033
35,35,Clinton Hill,37795,6791,14349,13179,3476,14517,14297,2156,5218,1607,15178,6728,8450,4200,7657,4624,442,17176,5041,9834,2436,2152,13022,28,36953.3,3612,3361,6937,317,1738,2986,2293,5061,2480,2425
36,36,Co-op City,47442,7996,9144,20267,10035,3795,27958,328,14350,1011,18931,10849,8082,9609,5475,3110,66,19718,7503,11386,7679,6588,10592,0,24452.66667,6965,4972,5469,4315,2832,356,6716,4379,291,1265
37,37,College Point,25113,5484,6037,10238,3354,6895,416,8010,9211,581,7731,5753,1978,5994,2635,958,14,8387,3666,3961,5323,4190,4292,0,23699,1965,2322,3036,67,1587,2012,543,3055,363,1106
38,38,Corona,57150,14083,15920,21176,5971,4722,10064,7779,34049,536,16785,12431,4354,10928,3836,1056,13,17832,3754,12881,6487,4694,15970,0,16571.27273,6090,5022,4222,242,1975,1537,2396,9494,991,2872
39,39,Crotona Park East,20756,6427,5476,7274,1579,203,6228,146,13964,215,7104,4733,2371,3494,1060,223,54,7630,701,6231,1387,1216,4805,0,12850.5,3190,1570,595,88,491,122,4200,1963,68,605
40,40,Crown Heights North,103735,23237,31582,37613,11303,13270,72554,2797,12548,2566,41641,22250,19391,20178,12240,5134,573,46800,6126,34585,6996,5845,32197,51,21539.44444,15691,10359,9168,220,1676,4230,15603,16949,2033,3644
41,41,Crown Heights South,41128,10062,12576,14038,4452,10877,25718,502,3391,640,14696,8933,5763,7381,4654,1921,119,15593,1946,12465,3059,2700,11125,57,20349.88889,5297,3940,3745,261,367,1318,3839,8062,564,2369
42,42,Cypress Hills-City Line,47199,13188,12756,17809,3446,2354,12208,3004,28509,1124,13672,10694,2978,11853,2330,740,61,16337,4280,9038,4467,3748,12227,0,15948.625,4541,3772,3124,177,2866,1237,2285,6560,193,1108
43,43,DUMBO-Vinegar Hill-Downtown Brooklyn-Boerum Hill,39383,7217,13879,14878,3409,17391,8330,4062,8471,1129,16263,8312,7951,3945,8485,4905,559,18274,4288,11765,1698,1426,14583,12,55147.08333,3458,2491,8776,82,934,3272,4506,2528,4731,2360
44,44,Douglas Manor-Douglaston-Little Neck,25490,4946,4669,11258,4617,11899,448,9985,2889,269,9562,6488,3074,3450,5581,2536,463,10095,7312,2106,8519,7268,2668,0,40331.83333,1728,2101,5376,136,2857,4319,248,1196,662,479
45,45,Dyker Heights,46700,10219,10864,18741,6876,22879,267,18365,4746,443,15100,11062,4038,9248,5256,2201,220,16226,7064,7659,7933,5945,9832,42,27305.76471,4921,4018,5286,303,972,5789,1805,5361,493,1793
46,46,East Concourse-Concourse Village,64821,17491,17110,23201,7019,938,22154,870,39763,1096,22081,13752,8329,9599,3874,1404,75,23452,2460,19233,3586,2752,15603,16,14960,9566,5271,2834,1036,1247,177,8711,10222,300,2274
47,47,East Elmhurst,22716,4917,6760,8693,2346,1117,5540,1563,14169,327,6311,4355,1956,6070,1796,658,23,7000,2563,3581,3079,2171,6097,0,20318,1940,1795,2049,67,1396,1100,807,2216,558,1035
48,48,East Flatbush-Farragut,51723,10736,12720,20724,7543,911,46105,784,3022,901,18127,12648,5479,12774,5230,2320,179,19516,8211,9572,7162,6154,14613,0,24180.26316,5587,5168,5921,266,6192,1753,2737,6652,183,1174
49,49,East Flushing,27012,4800,6454,11645,4113,4769,302,16893,4312,736,8421,6636,1785,5205,4039,1218,148,9084,3975,4234,5592,4242,4994,0,23543.08333,2441,2041,3207,87,698,3190,1021,2831,382,1078
50,50,East Harlem North,60405,14853,17975,20670,6907,4994,21318,2743,30019,1331,23111,12684,10427,10210,5404,2538,213,25108,1603,21317,1852,1467,16474,0,19813.45455,9536,4649,3684,300,636,667,13833,6235,1249,2828
51,51,East Harlem South,49625,8647,16855,18014,6109,10820,10991,5586,20851,1377,19162,10095,9067,7363,8045,2990,833,21059,1270,17718,1468,1239,15898,0,35377.2,7075,3938,5397,106,222,942,8679,6260,2779,3962
52,52,East New York,91139,26422,23112,32968,8637,1630,61779,1882,24567,1281,31286,21412,9874,22885,4786,1851,131,36021,6950,23752,7541,6230,22225,0,16391.59259,11672,7353,5745,370,4886,1694,11413,11604,735,1467
53,53,East New York (Pennsylvania Ave),30594,9720,8009,10663,2202,506,21130,223,8588,147,9978,7344,2634,6552,1237,364,67,10927,2130,7590,2302,2016,7189,14,15203.66667,3575,2184,1918,85,1783,262,3554,3852,184,788
54,54,East Tremont,43878,13629,12193,14187,3869,696,11814,424,30494,450,14415,9805,4610,6286,1984,487,34,15515,1023,13160,2809,2297,8746,0,11620.83333,6670,2601,1388,181,640,202,7382,5493,285,1492
55,55,East Village,43402,2471,21867,15069,3995,29266,2099,6152,4674,1211,22326,4973,17353,3099,14048,6761,803,24652,2806,19373,998,897,15760,35,54350,4857,4489,10891,261,418,2127,5151,6703,7519,8634
56,56,East Williamsburg,34105,4357,13616,11901,4231,15326,3127,4200,10889,563,15410,6897,8513,4953,7399,2499,131,16427,2548,12724,2399,2061,13075,53,34507.8,5140,3416,5532,343,695,1510,4875,5026,2823,1842
57,57,Eastchester-Edenwald-Baychester,35367,9077,8983,13271,4036,1265,24339,559,8559,645,11261,8285,2976,6220,3139,1380,61,12275,4234,6948,5745,5075,7592,0,21156.25,3515,2866,3590,215,3246,773,3154,3468,326,610
58,58,Elmhurst,87373,17051,24635,36271,9416,5525,1208,40068,38699,1873,27648,19189,8459,15320,11172,3116,411,29617,6776,20377,7177,5291,30518,68,21922.41176,9962,8003,7706,234,3358,3184,3139,15679,1559,3466
59,59,Elmhurst-Maspeth,26340,4642,7668,11057,2973,3912,213,14400,7469,346,8290,6184,2106,4745,4123,1123,169,8851,3371,4850,3441,2602,8441,0,23017.33333,2227,2980,2571,125,1214,2032,563,3793,494,876
60,60,Erasmus,28357,6888,7046,11099,3324,409,23881,443,3113,511,9930,6495,3435,6971,2291,861,101,11376,2187,7477,2272,1720,8518,0,19914.57143,3670,2632,2400,81,1425,681,2247,5071,159,557
61,61,Far Rockaway-Bayswater,52266,14854,13071,17331,7010,13145,21934,1505,14508,1174,16341,10817,5524,8536,4123,1946,305,17968,4312,11876,8440,7348,8326,0,21007.625,5146,3759,4706,183,2739,1390,5138,6317,421,2763
62,62,Flatbush,106012,25012,28953,40988,11059,23521,50376,10360,18794,2961,37722,23781,13941,19466,13345,6116,733,40030,6804,30220,9643,8106,32756,40,23097.42308,12727,10553,10393,111,2728,3965,7964,21241,1015,3363
63,63,Flatlands,72864,16282,18284,29220,9078,12015,51214,2711,5748,1176,23386,17688,5698,14962,8588,4149,234,24922,13765,9332,13475,11638,17357,5,26560.81481,5807,6471,9718,489,8819,4457,3174,5722,436,1452
64,64,Flushing,70193,10423,16604,31502,11664,6219,2638,48301,10566,2469,25739,17090,8649,15508,9272,3298,303,28295,7391,17627,10839,6103,15185,4,20907.30769,9712,6755,6080,256,5372,1763,4879,11909,839,4968
65,65,Fordham South,26690,8514,7657,8700,1819,395,6970,225,18908,192,8572,5834,2738,3962,1094,441,90,9112,277,8131,1286,987,6644,0,12653,4086,1600,1080,123,118,36,3182,4861,88,1074
66,66,Forest Hills,85251,15101,17642,37212,15296,47903,2329,21203,11915,1901,38748,20891,17857,11060,19743,11059,1720,41753,17926,19968,11814,9485,25585,6,43219.875,8912,9958,17577,613,11413,5900,3606,12908,3454,2918
67,67,Fort Greene,28721,5182,9698,10411,3430,8113,10846,2535,6168,1059,12062,6080,5982,3093,4903,3457,322,13418,2794,9137,1663,1272,9199,0,39162.7,3479,2096,5247,139,921,1734,3899,3087,2151,1699
68,68,Fresh Meadows-Utopia,18074,3840,3912,7633,2689,5767,655,8740,2389,523,6538,4521,2017,2390,3482,1846,211,6895,2902,3603,4841,3716,2462,0,32650.25,1557,1483,3030,51,617,2234,290,2730,583,304
69,69,Ft. Totten-Bay Terrace-Clearview,22060,3263,3508,9654,5635,14941,86,4600,1880,553,10016,6101,3915,3895,4328,2440,350,10762,7087,2645,6363,5909,2799,0,41746,2236,2354,4801,242,3762,3083,521,934,1190,311
70,70,Georgetown-Marine Park-Bergen Beach-Mill Basin,48103,11700,10071,19183,7149,33757,5905,3216,4398,827,16906,12515,4391,9393,7290,3591,273,18028,12373,4257,12519,10624,6643,8,32963,3816,4136,8165,449,4619,7305,724,3135,398,1301
71,71,Glen Oaks-Floral Park-New Hyde Park,22327,3373,4572,8916,5466,10964,960,7732,1807,864,9127,5252,3875,4635,3973,2100,212,9689,7193,1851,6979,6073,2320,0,42207.2,1973,2158,4665,172,4407,2614,405,1117,329,337
72,72,Glendale,32778,6899,8006,13601,4272,18802,291,1543,11773,369,11586,8201,3385,8131,3544,1405,44,12714,5523,5829,6859,6062,6907,59,27484.92308,3012,2969,4822,195,3025,2303,1129,4436,264,827
73,73,Gramercy,27396,1857,12144,10123,3272,19986,1093,3498,1925,894,14734,3745,10989,1382,9511,4179,704,16860,4821,9648,915,782,10168,25,84243,1875,2713,9225,206,1171,3444,1224,3171,5253,5148
74,74,Grasmere-Arrochar-Ft. Wadsworth,15394,3445,3352,6543,2054,10071,903,2029,2138,253,5559,4100,1459,2890,2233,1311,148,5944,3359,1975,3617,3072,2253,0,29382.6,1315,1123,2601,128,2319,912,869,868,238,266
75,75,Gravesend,28944,6105,6082,10784,5973,15185,2643,6617,4033,466,11264,7362,3902,6134,3342,1419,141,11821,3838,7191,3510,2724,6041,0,21996.625,4600,2785,2314,271,1714,1853,3883,3168,140,968
76,76,Great Kills,44078,9036,9325,19184,6533,37039,128,2226,4336,349,15618,12033,3585,11054,5669,3152,63,15883,12670,2721,13913,11831,5078,0,36336.125,2881,3184,9095,346,8423,3901,440,1887,394,388
77,77,Greenpoint,32185,3299,13710,12290,2886,24998,590,1734,3947,916,15491,6142,9349,4545,9215,4027,264,17362,3106,12210,2869,2364,13137,89,39407.66667,3514,3705,7087,116,644,2346,2255,6880,3075,2875
78,78,Grymes Hill-Clifton-Fox Hills,22484,5686,7066,7512,2220,6239,6613,2434,6474,724,7651,4998,2653,3110,2403,900,153,8477,3423,4163,4496,3930,4029,0,28663.25,1903,2086,2747,163,2588,672,1878,2119,166,497
79,79,Hamilton Heights,51644,10096,16664,19538,5346,7332,16419,1097,24792,2004,18761,9389,9372,7600,6825,3341,384,20595,2226,15917,2456,1784,18448,5,24661,6436,4398,4828,486,835,905,6639,7893,1385,1647
80,80,Hammels-Arverne-Edgemere,36226,10445,7757,13907,4117,6377,18011,1480,9083,1275,12537,8483,4054,6151,2988,834,63,14149,3880,8495,5620,4869,6026,0,20114.625,4479,3064,3133,629,2598,653,5688,2454,353,796
81,81,Highbridge,38793,12413,9990,13501,2889,584,12603,173,25203,230,12931,8766,4165,6254,1707,560,17,13644,591,11938,2925,2239,7823,0,13278.42857,6385,2720,1314,124,344,123,5961,5858,119,1265
82,82,Hollis,21294,4050,5428,9031,2785,523,13605,3231,2227,1708,6265,4661,1604,4419,2366,805,80,6641,3591,2637,4512,3955,4823,0,24949.77778,1636,1678,2456,136,2824,631,755,1750,132,450
83,83,Homecrest,43565,11353,10250,15489,6473,34280,407,4872,3199,807,15496,10479,5017,8611,6483,2570,282,17089,5951,9136,5960,4889,8450,5,25082.3125,5061,4071,4885,231,1715,4005,2406,6165,565,2058
84,84,Hudson Yards-Chelsea-Flatiron-Union Square,76034,8223,27331,32289,8191,47998,4675,9968,10667,2726,41343,12219,29124,4606,24012,13511,2127,47247,11845,28949,2627,2160,26931,13,102266.2667,7547,6606,24751,1260,1898,8687,6903,7418,14628,15605
85,85,Hunters Point-Sunnyside-West Maspeth,63936,10113,20838,27169,5816,24028,1325,15974,21156,1453,27397,13701,13696,10528,12557,5914,516,29735,5437,21620,5601,4443,27124,51,35073.52941,7536,6905,11251,86,2581,2770,3094,14281,4245,2889
86,86,Hunts Point,22334,6350,6665,7335,1984,256,4921,77,16754,326,7246,4940,2306,3457,927,244,0,7909,363,6700,1071,772,4509,0,12266,3502,1511,524,67,234,62,4092,2506,102,1039
87,87,Jackson Heights,105083,19969,28246,43429,13439,16897,1922,25118,58130,3016,36963,23451,13512,21149,13411,5344,528,39769,13148,23207,12267,10185,33356,7,24180.21053,12822,10078,11377,633,8608,3907,5003,16999,1205,3961
88,88,Jamaica,54198,13000,13959,21140,6099,2065,10070,16348,19974,5741,16172,11974,4198,10714,4905,1534,140,17196,4136,11813,5680,4634,15578,0,17833.21429,6586,4601,3436,287,2626,1223,3114,8057,642,1862
89,89,Jamaica Estates-Holliswood,25818,5021,5497,10852,4448,5877,6498,7930,4171,1342,9329,6186,3143,3670,4384,2442,350,9927,5022,4188,5584,4854,5305,5,33762.125,2148,2701,4098,196,2116,2710,856,3139,193,360
90,90,Kensington-Ocean Parkway,37013,10201,9678,13239,3895,18418,2557,8636,5997,1405,12187,8038,4149,5757,5162,2671,427,12597,3439,8404,3515,2819,9672,9,20518.5,4419,2906,3696,126,1532,1781,1955,5667,782,1540
91,91,Kew Gardens,23145,4221,6083,9706,3135,10991,1589,4134,5804,627,10106,5468,4638,3169,4159,2972,273,11192,3815,6116,4032,3224,6631,25,36472.85714,2693,2689,4315,234,2690,891,911,4856,349,648
92,92,Kew Gardens Hills,38081,9082,9580,14259,5160,19851,2728,9259,4699,1544,13198,8926,4272,5768,6185,3370,399,14231,6905,5956,7231,6034,7136,12,27792.55556,3524,3561,5415,387,4143,2375,1128,4229,599,1085
93,93,Kingsbridge Heights,30088,7138,8893,10918,3139,797,5732,1524,21629,406,10400,6577,3823,5371,2586,704,58,11324,1220,8933,2409,1784,8296,0,19663.33333,4607,2513,1674,221,871,128,3449,5160,324,880
94,94,Laurelton,26847,5778,5554,11279,4236,333,24332,267,1168,747,8078,6309,1769,5130,3170,1556,129,8596,6466,1536,7011,6050,4904,0,30263.81818,1387,1964,4494,353,5357,756,238,1071,227,226
95,95,Lenox Hill-Roosevelt Island,79735,10581,25527,30305,13322,59048,3315,9026,6483,1863,43237,15798,27439,5114,25049,13589,4092,52032,10954,31330,3881,3153,28128,25,83375.3,6347,8054,26264,417,2070,8467,3335,13283,14712,13241
96,96,Lincoln Square,59654,8363,14515,26131,10645,44642,1458,6399,5689,1466,31811,12576,19235,2932,16136,14375,2250,40920,12688,18676,2177,1590,22040,33,103803.75,4574,4204,21035,285,2442,9961,2953,5116,10607,6383
97,97,Lindenwood-Howard Beach,28742,5500,5198,11707,6337,21053,638,793,5627,631,10796,7898,2898,7277,3982,1550,125,11635,8046,2692,9096,7986,3513,0,35076,2736,2656,4982,485,3500,4061,495,2089,108,297
98,98,Longwood,27438,8189,7675,9301,2273,356,6208,243,20448,183,8607,5912,2695,3835,1010,405,52,9302,725,7659,1722,1378,6135,0,12405.8,3760,1986,841,130,549,46,4428,3048,183,855
99,99,Lower East Side,74835,12271,18750,30921,12893,16859,7041,18918,29440,2577,30853,16867,13986,12351,11627,3994,724,32572,4826,25727,2867,2224,17097,38,33288.4,12770,5917,7242,441,1652,2733,17472,5035,3220,9048
100,100,Madison,40609,8188,8695,17091,6635,27422,418,9125,3176,468,15103,10385,4718,8089,7002,3085,406,16106,6893,7788,5755,4665,9715,0,28812.33333,4773,3676,5563,230,2309,4354,2277,5089,422,1474
101,101,Manhattanville,23155,4424,8016,8046,2669,2245,6477,699,13126,608,8082,4395,3687,3735,2297,1082,97,8722,230,7623,806,650,8173,0,16758.25,3186,1848,1267,59,102,69,4313,2794,516,803
102,102,Marble Hill-Inwood,51422,10748,14076,21349,5249,7113,3676,766,39080,787,18470,10978,7492,7417,6263,3151,390,19390,1525,16450,3878,2660,14470,0,23869,7275,4323,4759,68,1013,444,6649,9348,453,3181
103,103,Mariner's Harbor-Arlington-Port Ivory-Graniteville,30042,8120,7645,11776,2501,7043,8822,2616,11098,463,10038,7721,2317,6260,2785,1180,125,11207,5934,3998,7324,6425,4058,0,23569.25,2704,2100,3830,227,5284,423,1972,1608,418,315
104,104,Maspeth,26608,5026,6139,11846,3597,15311,257,3207,7497,336,10699,6275,4424,6912,3286,1190,95,11671,5536,5018,5975,5069,6142,39,29274.28571,3004,3042,3798,255,2180,3101,832,3981,205,726
105,105,Melrose South-Mott Haven North,34579,10979,9814,10504,3282,535,10648,124,22653,619,11752,7574,4178,5173,1541,426,126,12508,1126,10589,1728,1472,7137,0,13183,5862,2030,1208,152,925,49,7056,3323,210,1541
106,106,Middle Village,38169,6989,7558,16347,7275,28297,275,2840,6493,264,14997,9560,5437,8771,5643,2467,231,16159,8823,5686,9047,7801,7162,0,34280.625,3661,3429,6997,348,3123,5352,864,4487,335,1080
107,107,Midtown-Midtown South,28305,1809,12183,10413,3900,18098,1133,6100,2190,784,15944,4432,11512,1811,8652,5799,777,21873,3366,12364,908,715,7160,12,105498.5294,2874,1888,9800,92,390,2884,2677,1883,7804,7653
108,108,Midwood,52519,13697,12000,19349,7473,39981,2327,5552,3939,720,18672,12398,6274,7871,7947,4242,573,20000,6033,12353,7330,6157,9882,0,28835.38889,6474,4082,5777,148,1472,4413,3256,8444,653,2346
109,109,Morningside Heights,55450,6529,25847,16800,6274,26471,6399,8421,12231,1928,19873,9075,10798,3935,8872,8043,3144,21998,3782,15692,1457,1225,14060,33,35342.5,5214,3430,8101,123,1099,2560,5074,6211,4407,5957
110,110,Morrisania-Melrose,39894,12009,10489,14226,3170,528,14147,194,24337,688,13019,8987,4032,6304,1957,517,83,14464,1179,11524,2756,2409,9611,22,13998.875,5795,2923,1670,118,807,254,6803,4509,212,906
111,111,Mott Haven-Port Morris,60334,18819,16579,20044,4892,951,15878,454,42617,434,19758,13512,6246,9604,2393,415,86,21158,944,18695,2239,1885,13994,0,11669.64286,10139,3292,1630,198,558,188,12779,5626,290,2344
112,112,Mount Hope,52999,14955,14585,19873,3586,838,13918,658,36734,851,16806,11946,4860,8841,2694,891,51,18091,530,15875,3318,2377,13120,0,13403.15385,8629,3778,1692,89,355,86,6332,9387,156,2325
113,113,Murray Hill,51994,8631,11557,22986,8820,13777,898,28961,7292,1066,17665,12792,4873,10798,7388,3258,241,18978,8098,9039,11386,8565,9160,15,28200.23077,5541,4295,6310,242,2148,5708,1573,6930,536,2538
114,114,Murray Hill-Kips Bay,47514,4224,20900,15991,6399,30218,2393,7641,5483,1779,25629,7009,18620,3345,15342,7201,831,31034,7495,17884,1448,1135,13747,46,79079,3880,4734,15242,57,2264,5174,3252,4882,9750,12213
115,115,New Brighton-Silver Lake,18313,4558,3902,7839,2014,10186,2144,1064,4584,335,6161,4404,1757,3523,2060,1378,116,6961,3834,2210,4867,4430,2512,0,34471,1256,1356,3129,108,2270,1456,391,1655,164,226
116,116,New Dorp-Midland Beach,20461,4395,4145,9054,2867,16232,236,1492,2416,85,7709,5480,2229,5024,2688,1277,129,8392,5770,1853,6229,5290,2573,0,35614.4,1810,1555,3986,119,3985,1666,424,1166,263,281
117,117,New Springville-Bloomfield-Travis,39594,8201,8157,16666,6570,25288,2201,6511,5074,520,13491,10741,2750,9284,5250,2902,249,14279,9736,3617,12366,10758,4325,8,36576.66667,2801,3092,7031,291,6085,3360,1580,1780,257,571
118,118,North Corona,53290,13488,18421,18393,2988,519,2225,3853,46291,402,12230,9435,2795,10964,1758,508,80,13289,2280,9778,4416,3297,19119,0,14672.11111,4570,3642,3452,112,1098,1070,1724,6543,1511,2705
119,119,North Riverdale-Fieldston-Riverdale,27264,5170,6208,9956,5930,17557,1792,2170,5375,370,10915,5810,5105,3044,5063,3282,990,12429,5455,5262,5064,4451,5028,10,37978.33333,1907,2625,5729,357,3192,1906,1015,3330,917,1020
120,120,North Side-South Side,50995,8933,21199,17574,3289,27147,1211,3027,18138,1472,21475,9569,11906,5575,12267,4873,582,23276,3426,17626,2884,2386,19794,115,43593.23077,6174,4478,8919,75,530,2821,5772,6365,5489,3868
121,121,Norwood,41804,11690,11454,14733,3927,4700,7267,4780,24069,988,14292,9066,5226,7574,3459,1061,194,15216,759,13197,3008,2406,10950,0,17586.85714,5955,3827,2514,95,462,202,3361,9723,113,2003
122,122,Oakland Gardens,28103,5787,5292,12237,4787,11500,524,12835,2122,1122,11105,7183,3922,4357,5824,3011,306,11478,8028,2933,8374,6774,3861,0,36512.33333,2494,2577,5415,191,4190,3647,570,1800,563,366
123,123,Oakwood-Oakwood Beach,21575,4441,4073,8528,4533,17312,655,586,2717,305,8130,5935,2195,4943,2946,1557,201,8541,5652,2262,6215,5355,2515,27,36959.6,1939,1685,4138,186,3132,2334,522,1530,210,405
124,124,Ocean Hill,32427,8763,7716,12423,3525,723,25343,540,5471,350,12101,8019,4082,7014,2270,583,54,13738,2435,9459,2878,2553,8181,0,19315.8,4812,3227,2001,166,1237,1032,4227,4989,243,755
125,125,Ocean Parkway South,20143,5922,4963,6386,2872,17215,65,834,1738,291,6720,4781,1939,3148,2670,1406,177,7176,2918,3561,2441,1980,3577,0,26739.33333,2185,1459,2399,211,729,1978,751,2438,372,1125
126,126,Old Astoria,29149,5106,10539,10523,2981,10354,3161,4780,10099,755,11318,6341,4977,4512,5411,1782,133,12456,1630,9327,2754,2321,10021,7,27241.75,3900,2730,3716,68,607,955,2181,5677,1469,1462
127,127,Old Town-Dongan Hills-South Beach,25007,4930,5843,10321,3913,17849,1082,2286,3322,468,8747,6136,2611,6007,3451,1367,133,9454,5842,2837,5837,5065,3786,0,28953.4,2520,2094,3743,147,3851,1844,1129,1525,183,712
128,128,Ozone Park,22856,5437,5188,9610,2621,5818,1401,5411,9082,1144,7079,5572,1507,4900,2180,861,99,7677,4047,3018,4711,3994,4521,0,25249.16667,1591,2016,2980,172,2788,1087,431,2442,145,581
129,129,Park Slope-Gowanus,74526,14043,23281,30829,6373,48494,3844,5013,13815,3360,31226,16804,14422,4993,19674,13236,2099,33958,12187,18649,4954,3885,30613,59,58938.9,3841,6113,20073,196,1654,10337,2062,8162,8425,4824
130,130,Parkchester,29368,6468,7242,12400,3258,745,13828,3722,10405,668,12464,6891,5573,5203,3321,1660,72,13244,2673,9692,2625,2235,10035,0,23710.6,3823,4238,3117,751,1820,102,2044,7552,96,704
131,131,Pelham Bay-Country Club-City Island,26963,4891,5680,11091,5301,16503,726,1101,8268,365,11536,6547,4989,5672,3372,1745,250,12482,4677,6652,7184,6312,4364,0,32882.83333,3211,2866,4713,195,2495,1987,1484,4881,287,432
132,132,Pelham Parkway,29911,6607,7728,11464,4112,11072,3562,3371,11508,398,11505,6784,4721,5385,3750,1652,570,12074,2835,8384,4093,3127,7036,0,26109.33333,3578,3282,3531,183,1625,1027,1933,6039,412,1830
133,133,Pomonok-Flushing Heights-Hillcrest,33925,7446,8759,13251,4469,11805,3585,10353,7408,774,11789,8145,3644,5881,4445,1530,263,12409,5251,6370,7024,5858,5104,0,24892.14286,3740,2662,3844,501,1574,3176,3306,2730,334,937
134,134,Port Richmond,19229,4754,5204,7167,2104,8305,3343,1010,6025,546,6274,4541,1733,4543,1843,795,132,7029,3988,2218,4620,4265,2658,0,25145.5,1578,1146,2763,103,3023,862,718,1312,188,441
135,135,Prospect Heights,20228,2821,6944,8486,1977,10328,5369,1581,2122,828,9334,4115,5219,1667,5733,3675,514,10221,3042,6137,1299,1086,9253,0,50961,1911,1905,5125,29,748,2265,981,3267,1889,1421
136,136,Prospect Lefferts Gardens-Wingate,69695,15365,18744,26031,9555,8161,51696,1492,6703,1643,25936,15622,10314,14207,7409,3489,240,28365,4436,20948,5334,4509,21210,0,22097.61111,9340,7577,6162,192,1931,2313,6326,13907,715,1899
137,137,Queens Village,56705,11544,13569,24362,7230,3489,27929,9549,9988,5750,15941,13366,2575,12841,6033,2108,114,16765,10609,4995,14539,12317,10738,25,24987.1,3701,3931,7541,318,8567,1724,862,3611,522,847
138,138,Queensboro Hill,21727,4145,5998,8768,2816,3328,401,13513,3883,602,6283,5122,1161,4297,2267,1244,172,6728,3706,2442,5156,3379,3530,0,20919,1934,1997,1931,182,1238,2286,444,1739,259,543
139,139,Queensbridge-Ravenswood-Long Island City,18393,4080,5521,7160,1632,3062,4367,3231,7194,539,7423,4297,3126,3288,2034,573,84,7950,478,6883,1325,1050,5365,6,20979,3177,1400,1496,12,151,315,4414,2041,428,867
140,140,Rego Park,26490,4021,6141,11444,4884,12106,505,8239,4774,866,12336,6665,5671,4331,6358,2793,339,13091,4750,7356,3633,3024,7733,0,33974.875,3813,3339,4185,182,2988,1580,1217,5607,532,1258
141,141,Richmond Hill,64049,15000,17039,26255,5755,7132,5469,19748,22440,9260,17358,14273,3085,13249,6546,2028,165,18899,7892,9234,10657,8659,15186,20,20562.76,4694,5043,6436,265,4881,2746,1603,7306,325,1965
142,142,Ridgewood,70234,16481,19668,27457,6628,28397,1414,5485,34092,846,23985,16510,7475,16030,6634,2388,194,26070,5045,18351,6867,5752,21463,66,23074.84211,7646,6142,7742,195,2385,2465,3360,14525,466,2600
143,143,Rikers Island,8430,357,4998,3019,56,585,4647,167,2943,88,0,0,0,1197,85,33,15,0,0,0,0,0,0,0,3327,0,0,0,0,0,0,0,0,0,0
144,144,Rosedale,26989,6681,6882,10795,2631,1445,22378,949,1881,336,7844,6411,1433,4422,3398,1237,131,8125,5033,2752,7949,7027,4567,0,28016.33333,1329,1931,4334,218,3611,1204,164,2124,464,361
145,145,Rossville-Woodrow,21050,4836,4631,9077,2506,18178,83,1008,1640,141,7335,5862,1473,4470,2563,1472,175,7611,5835,1304,6297,5587,2150,0,37345.66667,1350,1524,4033,181,2128,3526,318,741,245,329
146,146,Rugby-Remsen Village,55669,12520,12895,22532,7722,740,50414,523,3106,886,20150,13870,6280,13068,5070,1917,55,22514,5968,13696,6870,6105,15345,18,24053,6902,5585,5349,178,4043,1747,3768,9721,207,1235
147,147,Schuylerville-Throgs Neck-Edgewater Park,49311,10794,12214,18815,7488,21329,4339,1812,20475,1356,16846,11759,5087,11036,4583,2101,251,18280,8358,8234,12348,10350,7151,59,29708.53333,3927,3672,7761,515,5847,1996,2433,5096,705,1242
148,148,Seagate-Coney Island,29229,6562,6542,10490,5635,9341,8700,3378,7291,519,10864,6731,4133,5624,2687,932,84,12177,1738,8992,2854,2248,4925,0,17059.5,4180,2200,1703,134,1063,541,6199,2575,218,1035
149,149,Sheepshead Bay-Gerritsen Beach-Manhattan Beach,63459,12116,12208,27343,11792,44222,4342,9681,4522,692,25805,16612,9193,13075,11988,4496,460,28252,13471,11901,10579,7923,12989,13,30337,8053,5833,9124,776,6365,6330,4943,6367,591,2407
150,150,SoHo-TriBeCa-Civic Center-Little Italy,42082,6011,14644,16576,4851,27722,934,8827,2634,1965,19761,7941,11820,2042,13556,6712,880,22890,5715,13890,1734,1401,14635,86,110437.9,3006,2723,12616,58,363,5294,3377,3660,6853,6647
151,151,Soundview-Bruckner,36966,10113,9980,12886,3987,777,8860,2632,22996,1701,11340,8148,3192,6006,1987,568,6,12389,1845,9280,2818,2318,9383,0,15619.22222,4998,2721,1833,185,1279,381,4383,4646,251,1190
152,152,Soundview-Castle Hill-Clason Point-Harding Park,59702,14474,14979,22441,7808,950,21543,1078,35135,996,20212,14387,5825,11401,4499,1566,41,21487,5235,14796,8560,6916,11153,0,19466.30769,8161,4478,4552,335,4173,727,9505,4844,447,1236
153,153,South Jamaica,44116,13522,11214,15367,4013,226,27204,2670,10970,3046,12048,8992,3056,8108,3128,905,28,13634,5215,6620,6027,5237,8883,0,18812.42857,3875,3300,3613,240,4215,760,3165,3018,437,735
154,154,South Ozone Park,83286,18247,21402,34910,8727,4887,19062,19815,17332,22190,22416,18763,3653,19930,7040,1862,58,23521,14271,7891,16889,13914,18433,32,20976.44,6709,6038,8439,413,10300,3558,1360,5995,536,1707
155,155,Springfield Gardens North,27396,6385,6324,10735,3952,334,23091,366,3355,250,10266,6473,3793,5218,2978,1235,65,10829,3575,6649,5798,5289,5528,0,24247.66667,3361,2873,3403,529,2445,601,2785,3663,201,354
156,156,Springfield Gardens South-Brookville,21160,5070,5735,8141,2214,370,18382,497,1362,549,5832,4593,1239,3758,2026,1050,113,6201,3906,1825,5199,4623,3682,0,26191.2,1008,1560,3063,132,2949,825,286,1233,306,153
157,157,Spuyten Duyvil-Kingsbridge,31434,6340,7198,11744,6152,14637,2704,1524,11754,815,13182,7493,5689,3994,5205,3811,818,14619,4842,8149,4663,3621,7379,94,40192.55556,3124,3223,6067,287,3419,1136,2251,4977,921,1169
158,158,St. Albans,53797,12196,12768,21958,6875,552,47380,856,3762,1247,15694,12127,3567,11440,5098,2403,76,16794,11111,4398,13216,11875,10782,0,25864.73913,3735,4026,7266,312,9428,1371,1193,2958,247,605
159,159,Stapleton-Rosebank,26596,6223,6844,10337,3192,10074,5131,2671,8078,642,9370,6316,3054,5521,2789,1239,71,10420,4812,4400,5980,4995,4302,0,28102.875,2886,1854,3719,131,4046,635,1714,2337,349,561
160,160,Starrett City,12854,2598,2658,4467,3131,3188,6311,356,2804,195,6322,3438,2884,2676,940,1018,67,6468,179,6040,1419,1073,2474,0,19148,2545,1919,623,12,132,35,3188,2725,127,234
161,161,Steinway,47980,7226,16255,18539,5960,30176,756,5019,10811,1218,19936,10923,9013,7741,10176,4730,366,21887,5948,13542,6729,5458,15680,24,32784.5,4884,5962,7736,152,1670,4126,1919,9838,1785,1996
162,162,Stuyvesant Heights,66124,15826,19041,24286,6971,3868,46884,1529,12876,967,24825,14703,10122,12861,6280,2304,306,28622,5914,18318,4997,4471,18151,0,21302.38889,8687,5454,6370,364,1705,3845,8928,8549,841,1624
163,163,Stuyvesant Town-Cooper Village,21761,2003,8975,6940,3843,15799,741,2964,1725,532,10414,3956,6458,889,6644,4066,594,10761,0,10400,1027,586,7397,0,61929.5,1657,1435,6575,0,0,0,151,5898,4351,3286
164,164,Sunset Park East,72622,18707,21100,27102,5713,8553,1020,37437,24422,1190,20290,15866,4424,9962,4413,1590,161,21818,4178,15676,5532,3288,18200,61,14135.4,9217,5180,3856,298,1337,2543,5246,9873,557,5916
165,165,Sunset Park West,56422,12872,19096,20182,4272,9730,1889,7813,36157,833,16697,11261,5436,8518,5528,2326,194,18202,3830,12528,3973,2839,17010,15,19724.53333,6025,4404,4667,379,818,2633,3430,8128,970,4016
166,166,Todt Hill-Emerson Hill-Heartland Village-Lighthouse Hill,31472,6193,5631,14028,5620,22575,560,4640,3406,291,11300,8524,2776,6948,4195,2295,250,11779,8917,2227,9858,8601,3663,0,38562.71429,2293,2603,5972,282,4596,4039,522,1408,297,326
167,167,Turtle Bay-East Midtown,48998,3942,15963,18178,10915,36393,915,7342,3315,1033,29006,9173,19833,2130,17632,9273,1681,37200,12172,16511,2972,2354,13563,19,117461.5,4075,4165,19384,190,2435,9547,1265,5521,9725,13116
168,168,University Heights-Morris Heights,52773,14175,14773,19905,3920,707,15810,871,34535,850,18103,12077,6026,10065,2416,1014,99,19662,758,17086,3538,2559,12587,0,13155.07692,8455,3875,1759,32,475,251,9161,7787,138,1667
169,169,Upper East Side-Carnegie Hill,58760,10676,9461,23560,15063,50217,635,3328,3182,1398,28745,14974,13771,2398,17036,12145,2584,37580,16870,11136,3346,2697,17175,21,157312.1429,2719,3506,21280,339,1089,15442,924,3958,6254,5781
170,170,Upper West Side,136740,21919,32896,58313,23612,89807,11048,10048,22113,3724,66482,28931,37551,8932,35147,26571,6077,75426,19251,46023,5842,4748,53803,103,83248.9375,12448,11519,37461,377,2417,16457,13015,16270,16738,8603
171,171,Van Cortlandt Village,49787,11324,14204,18938,5321,4824,9741,1738,32482,1002,17359,11731,5628,8644,3601,1936,208,18604,2832,14122,4231,3464,14113,9,19312.1,6435,5060,3745,1273,1215,344,4424,9566,132,2004
172,172,Van Nest-Morris Park-Westchester Square,30617,8470,7939,11114,3094,7359,3085,2589,17024,560,9626,6610,3016,5498,2670,917,157,10568,2651,6809,4375,3467,6625,26,19572.66667,3310,2806,2589,173,1778,700,1545,4992,272,1251
173,173,Washington Heights North,73704,12457,22736,28918,9593,18675,3609,1896,48411,1113,25647,14748,10899,8616,11069,5679,1172,27102,3095,22198,4613,3153,24282,0,29892.09091,8083,6553,8338,318,1498,1279,6389,14297,1512,4770
174,174,Washington Heights South,89251,15566,28824,34060,10801,10626,9912,2654,64235,1824,29028,16570,12458,12705,10959,4034,867,30807,2026,26369,4874,3112,26365,0,20642,11679,7299,6232,321,1025,680,10905,13516,1948,5872
175,175,West Brighton,14977,1145,2121,6268,5443,14713,113,52,71,28,8116,4175,3941,3177,3937,1666,147,8747,3739,4349,2117,1757,3584,0,28504.5,3135,1907,1959,728,2443,568,2462,1688,199,668
176,176,West Concourse,37852,10982,9937,14103,2830,466,9239,1144,26154,849,12621,8640,3981,5889,2102,510,47,13502,313,12061,2168,1652,9671,0,13554.28571,6040,3048,1346,25,271,17,4954,6939,168,1747
177,177,West Farms-Bronx River,36844,9849,10476,13203,3316,852,9072,1615,24395,910,11675,7908,3767,6609,2027,564,38,12844,1492,9711,3418,2957,9010,21,15862.14286,5091,2310,2214,155,911,426,3815,5625,271,1025
178,178,West New Brighton-New Brighton-St. George,32841,9213,8013,12332,3283,8251,11634,1250,10350,1356,11828,7931,3897,6124,3415,1634,169,14003,4860,6827,6114,5149,5557,21,23384.45455,3367,2584,4076,193,3873,794,3041,3620,166,968
179,179,West Village,67521,5829,26167,26266,9259,54436,1377,5647,3974,2087,37601,10113,27488,3191,24566,11915,3524,43218,12188,24855,2401,1743,24927,69,105077,5176,6341,24387,190,1748,10250,3238,7202,14415,11973
180,180,Westchester-Unionport,27952,7139,7805,10371,2637,1336,4386,3917,17390,923,8875,6351,2524,5244,2290,606,31,9874,2285,6375,3497,2585,6943,0,19768.57143,2948,2423,2393,96,1705,484,1559,4574,242,845
181,181,Westerleigh,24357,5281,4716,10458,3902,17466,637,1855,3796,603,9170,6381,2789,5121,3707,1683,150,9667,6820,2186,7730,6754,2904,5,36852,1594,2121,4962,135,4603,2082,615,1317,254,296
182,182,Whitestone,31948,6277,6435,12845,6391,20469,148,5442,5188,701,11472,8439,3033,6632,4959,2163,260,12329,8266,3050,10030,8767,3214,0,37070,2482,2524,6050,218,2449,5599,188,2024,838,495
183,183,Williamsbridge-Olinville,61934,16264,15272,23511,6887,1574,42635,800,15334,1591,20715,14102,6613,11914,5073,1610,94,22706,5875,14452,8365,7077,13716,0,18494.55,7447,5596,4586,470,4570,835,4689,9130,633,1190
184,184,Williamsburg,32094,15048,7684,6929,2433,27397,992,26,3530,149,8328,6639,1689,5045,705,299,29,8753,1157,7025,1769,1191,2099,4,9970.714286,4487,1431,894,95,374,688,4122,2401,502,4016
185,185,Windsor Terrace,22033,4400,5338,9832,2463,14596,1184,2411,3140,702,9372,5334,4038,2178,4823,3585,438,9929,3818,5245,2134,1819,8428,10,45340.83333,1916,1867,5074,172,1212,2434,916,2774,1555,925
186,186,Woodhaven,61278,15128,16472,24365,5313,9284,2962,14631,32519,1882,17286,13918,3368,11821,5881,2148,157,18714,8831,8131,9261,7698,15493,0,23361.65,4536,4848,6918,328,6044,2459,1252,6553,326,1586
187,187,Woodlawn-Wakefield,44266,9973,10663,17986,5644,7230,26586,1522,7987,941,15000,10433,4567,10283,5463,2225,109,16264,6870,7768,8550,7452,9799,0,26812.92857,4467,3703,5534,292,5209,1369,2074,5441,253,1018
188,188,Woodside,45804,8482,13023,19438,4861,10220,586,17418,16511,1069,16010,9913,6097,8322,7493,2551,249,17262,4847,10881,4803,3882,16009,60,25605.25,5194,4637,5210,625,2588,1634,2017,7650,1214,1375
189,189,Yorkville,80887,9910,26689,31013,13275,61882,2260,7286,7560,1899,44191,17076,27115,4506,27925,14374,2567,49012,11044,32633,4514,3463,34768,103,84752.11111,7226,7798,27087,233,2741,8070,5000,12181,15452,7416
190,190,park-cemetery-etc-Bronx,1578,387,418,628,145,186,509,54,829,0,648,322,326,232,176,55,8,717,136,512,240,212,415,0,28662.4,238,212,129,3,122,11,155,351,6,26
191,191,park-cemetery-etc-Brooklyn,371,53,132,171,15,174,72,9,92,24,176,87,89,63,124,16,0,187,11,165,43,39,131,0,41848,31,39,106,8,3,0,0,45,120,29
192,192,park-cemetery-etc-Manhattan,10619,2318,2466,4169,1666,939,4326,466,4730,158,3775,1993,1782,2358,799,238,17,4132,266,3474,350,331,1589,0,8429,1578,930,381,117,32,117,2227,1138,109,634
193,193,park-cemetery-etc-Queens,431,65,60,159,147,269,59,25,68,10,172,97,75,65,83,37,0,197,120,52,79,60,51,0,28057.4,52,42,78,5,81,34,18,24,10,5
194,194,park-cemetery-etc-Staten Island,0,0,0,0,0,0,0,0,0,0,0,0,0,0,0,0,0,0,0,0,0,0,0,0,,0,0,0,0,0,0,0,0,0,0
