,Unnamed: 0,Neighborhood,population between 18 and 34_n,population between 35 to 64_n,population 65 and over_n,Population white_n,population black_n,Population asian_n,population hispanic_n,population other _n,family households_n,nonfamily households_n,population education high school_n,population education bachelors_n,population education masters_n,population education phd_n,household income less than 10_n,owner  occupied units_n,renter occupied units_n,cars per capita,transportation car_n,transportation public_n,tranportation motorcycle_n,total workers,household income form 10 to 40_n,household income form 40 to 75_n,household income 75 and above_n,house value for 20 to 100_n,house value for 100 to 500_n,house value 500 or more_n,rent bewteen 300 and 1000_n,rent bewteen 1000 and 2000_n,Transportation Other means_n
0,0,Airport,19991.440653,31714.063576,10062.495766,19164.553571,18241.256287,7310.887696,14563.742792,2487.5596577,42660.127506,19055.872494,15242.597989,9815.234043,4580.9032981,512.7101071,8421.950124,26600.684659,29270.807384,12381.765386,20299.841249,12075.15044,123.87871559,61869,26972.2145175,23043.5118412,36524.8279645,3734.9468999,36353.8704586,20827.1826408,16895.0628182,36981.703385,3132.2536192
1,1,Allerton-Pelham Gardens,2391.49250821,3691.07791196,1215.42958016,1630.9321962,2407.25957683,507.416192491,2584.03853991,168.353493977,4949.9253829,2342.07461725,1756.48107289,984.534358518,453.289715437,55.239159036,1311.30502972,2391.94883858,4240.1662507,1483.56225337,1975.95341437,1309.35452033,7.805774529,7310,3669.49870019,2696.85759727,3480.36907927,751.561035918,4489.44878028,1871.9901841,2415.39548279,4250.84851529,360.044750232
2,2,Annadale-Huguenot-Prince's Bay-Eltingville,1667.12594082,3118.0387294,1031.83532948,3781.8175008,534.720532252,492.80485842,917.28575554,90.371353377,4318.4773089,1496.52269088,1577.31231995,1002.2136694,479.17744524,47.938400525,558.03159907,3618.0251544,1707.62152081,1293.20992274,2573.24018869,980.97314633,5.222601743,5821,1869.58249281,1756.87815343,3909.3521571,200.652870549,3292.68913808,2298.65799131,1659.15336329,3412.81972245,192.702505022
3,3,Arden Heights,498.5165606,914.3085064,296.17493296,1112.3715682,131.91608723,149.50253754,289.03774485,26.172062215,1253.191326,453.80867394,453.85344487,295.06186817,146.61662446,14.785173888,144.31818465,1079.9426143,499.29616648,366.88546372,770.86217221,291.95544871,1.900932232,1710,553.982801828,539.223556623,1181.27718947,63.461730575,1001.3990687,630.139200788,428.688701878,1043.29412263,64.834769903
4,4,Astoria,8396.69622461,12099.7045888,3920.59918613,8998.01578508,3917.56110869,3752.24328126,7073.54095667,675.638868871,15529.1169533,8846.88304704,5376.91701527,4523.52984664,2078.702145,256.577210122,3676.28131024,8444.23793972,13549.1162755,5375.65267981,6320.84265268,5034.46147946,68.554055309,24530,11783.0050259,10059.6677043,15879.0018214,1335.54924865,11639.6870628,11018.7636888,6209.90927188,14604.4929615,1523.84023462
5,5,Auburndale,1330.14186942,2331.4753544,820.3827765,1718.4985118,562.58526211,1075.4335285,996.46205768,129.020639732,3174.3718877,1302.62811233,1036.04740456,816.32586599,402.86972499,46.783381085,465.70696944,2286.295548,1816.138776,909.18688853,1671.1607569,830.40940116,7.387851749,4496,1723.14728738,1612.78179751,2791.29520466,208.37377301,2218.07886356,2036.54736348,906.162342944,2771.97295262,215.616627644
6,6,Baisley Park,1379.81156473,2174.38067097,679.807764308,896.591038016,1592.25153108,557.490092844,1005.02655535,182.640782426,3037.83833339,1178.16166662,1071.33309579,614.0939924,276.51347265,26.326047548,526.112985495,1872.58185424,1961.08789982,939.270445182,1302.78233434,810.287684159,6.888312876,4250,1737.11186196,1550.9666961,2253.84056766,239.321819705,2557.31267558,1365.36550472,1107.47156779,2621.99268514,185.180934927
7,7,Bath Beach,1626.00343306,2655.25701387,936.739553415,2539.46873491,728.252996094,951.084825822,898.116297079,101.07714634,3622.31397257,1594.68602743,1294.44882816,901.519243295,407.814351845,45.176725593,690.31292844,2171.10994535,2568.48511545,1112.79580371,1459.22886371,1024.78331994,11.1901412,5228,2337.06207136,1885.93945669,2921.58614769,253.088457239,2094.26850208,2823.6430409,1413.00696213,3284.87231105,291.585704999
8,8,Battery Park City-Lower Manhattan,109214.049894,160503.453801,52161.4963294,146195.929806,58042.3656591,38215.3079102,71149.125142,8276.27150079,195635.189226,126059.810777,63334.5769975,68582.4061717,35496.9743434,5050.34135335,50438.0206274,119209.729285,168970.97848,65750.5361015,90627.72579,66141.1059798,1043.49420501,322171,148555.725482,126073.883139,272381.8712,18975.8417606,147090.745738,149423.412501,86792.8853839,166283.899594,26466.1174534
9,9,Bay Ridge,8357.66354899,13364.4553098,4517.8811418,12505.5689186,3974.36505844,3987.61986485,5200.46121091,571.984947456,17411.8077509,8814.19224969,6132.43129933,4708.86522052,2223.65625105,272.985490053,3749.60228207,10170.088015,13597.8524062,5700.81217546,6998.18461014,5214.05604751,63.189096265,26298,12169.6685735,9885.6401146,15907.6925001,1447.41521476,10671.7596798,13809.8251059,7177.36010097,16245.8953043,1583.93364638
10,10,Bayside-Bayside Hills,4279.35161809,7536.5171795,2669.13120244,5459.77511909,2061.19307576,3284.74068352,3225.40787979,453.883241917,10211.6306054,4249.36939394,3323.69170922,2727.01789052,1270.73791785,156.301245226,1473.36235725,7321.35278811,5899.22773602,3030.18150263,5295.194552,2692.26107843,21.530088984,14535,5628.08607685,5117.71487779,9205.4020986,725.452187485,6986.40295678,6643.14485486,3073.33499299,8838.34744569,684.322275245
11,11,Bedford,7653.74262954,9555.62501513,2799.63235565,7435.36892569,5930.77866905,1478.21477455,4750.92747227,413.710159396,13391.8346081,6571.16539229,4940.09973967,2808.88528065,1289.29792004,147.056786244,3678.27089457,5274.71219966,12589.6889499,4018.82424097,3979.19118065,3768.97698883,97.926634777,20088,10805.6533108,7343.9792785,9843.95961918,1268.26088549,8800.25752967,9533.48158555,6695.75640709,10887.6259246,1890.89103834
12,12,Bedford Park-Fordham North,4764.96827521,6942.02912195,2115.00260376,3434.09471941,3343.14800497,969.959764268,5782.42210284,292.375407908,9130.54514886,4671.45485146,3140.17407423,1895.10716446,888.405031706,114.132288661,2725.72216542,3815.04179798,8722.65325584,2690.2889781,3440.342726,2554.12176433,21.653928097,13827,7455.62166408,5067.67125485,6553.11561083,1287.10507385,8075.92118848,3870.9737372,4665.84726109,7862.98755656,815.792990578
13,13,Bellerose,3007.35248204,5053.8398612,1691.80765667,3758.8596623,2057.52823721,1451.15917269,2170.23446539,315.21846259,6848.96980946,2890.03019054,2314.78298179,1680.77326372,844.030897357,94.394348116,1144.59739267,4891.34760882,3976.78552748,1873.98139675,3741.53885692,1829.11429583,16.228462302,9772,3864.30379133,3437.28485893,6199.00328276,587.709300761,5620.04157222,3455.24912785,2453.79444575,5778.30689863,467.154603907
14,14,Belmont,3472.4326389,4978.3632923,1626.20406858,3552.53792992,1865.4640716,707.59393156,3732.3861069,219.017960082,6372.9222374,3692.0777626,2097.2174906,1609.60926776,846.40273357,137.093589423,1934.5657033,3104.18827982,5971.3273555,1866.73226482,2746.13310919,1863.14392411,21.722049294,10085,5296.51963829,3720.4862753,6067.77279673,922.82839399,5614.4462377,3250.72536924,3287.88983535,5449.27391168,727.210966909
15,15,Bensonhurst East,4907.26972827,7946.33399923,2929.3962739,7969.64330907,1950.48913464,3001.22617272,2572.4266031,289.214779567,10869.0586551,4907.94134573,3882.85284347,2721.67520651,1223.21650059,140.230406832,2349.9986953,5918.20697845,8360.37081296,3351.48887268,3938.08473845,3083.84947555,38.509601495,15817,7588.55450732,5709.5863347,8199.26341769,885.156554814,5976.33469505,8766.50874968,4602.44778814,9789.15836425,955.611855029
16,16,Bensonhurst West,7679.56845218,12204.3737636,4405.05778603,11501.8182982,3780.36869685,4405.22741761,4160.15383244,441.431753569,16730.2412277,7543.75877158,6083.28474496,4020.58677316,1784.32841775,200.825789905,3644.21843906,9026.59100419,12975.8196068,5119.85356186,6116.09353167,4711.71075306,56.680211006,24334,11765.8081394,8835.56584522,12483.0889287,1339.67821892,9555.46354913,13168.8582316,7190.0139532,15014.7155124,1471.70606329
17,17,Borough Park,27669.4120981,38782.8852065,13341.7026977,40305.6163993,14972.1159779,9760.12630864,13381.1164583,1375.02485153,55574.0242356,24147.9757665,20453.8792907,12149.8371717,5704.19849798,657.191075931,11775.3613682,26453.4222581,45437.644048,15907.5501039,18294.1453141,14648.7665141,234.458644335,79915,40841.7867112,28361.422189,38688.2036699,3866.52954022,29501.3910058,45462.0794563,23019.8580795,48468.2948755,7139.64316761
18,18,Breezy Point-Belle Harbor-Rockaway Park-Broad Channel,1820.33241919,3207.8776041,1118.78997679,2588.23077371,1688.31746539,531.240460295,1184.68568655,154.5256139,4215.51162404,1930.48837641,1471.52173986,997.23054559,486.33541118,48.29016223,859.81285748,2668.87679367,2767.38951634,1294.43581743,2037.94833135,1108.03806839,15.635058573,6163,2632.6163463,2209.2468648,3662.31456254,386.012604884,3295.42389894,2413.56349658,1857.91600294,3596.39456813,282.680837571
19,19,Briarwood-Jamaica Hills,2616.25180929,4233.54348691,1349.20470358,2109.5733961,2304.51471329,1480.07658127,1927.08487143,377.75043789,5805.49226575,2382.50773508,1958.62891705,1366.95189689,624.348613523,64.671993599,959.028042195,3679.84863317,3815.03541101,1819.50422609,2567.11818393,1616.33772049,11.099120846,8234,3376.71495978,3048.57725787,4671.66621681,410.166389601,4907.21801104,2824.61559945,1929.18121386,5242.13334137,377.001428484
20,20,Brighton Beach,6866.73238324,10815.5530662,4010.71455117,9239.5706278,4587.79857787,2988.06958615,4426.97165262,450.589554739,14207.2971322,7451.70286785,5161.35310392,3815.47102153,1656.33922141,200.082410302,4165.30119149,7119.54350638,12445.9734741,4587.64825831,4969.16898728,4202.5088254,48.766119367,21717,11331.9027486,8082.8079711,11208.8549527,1510.44811309,9761.75613447,9962.79575194,7016.08506902,12738.2777325,1349.46410957
21,21,Bronxdale,3068.7732778,4460.5005975,1391.72612539,1679.48479836,2951.90626125,517.39679561,3586.864042,185.348102634,5910.4855969,3001.5144027,2092.41311682,1141.1214443,513.7768242,62.409859771,1891.08609556,2248.96553366,5834.747124,1845.42983064,1958.2985503,1649.61196111,12.977261691,8926,4942.96315502,3282.70443154,3865.00337664,952.208413975,5290.7631414,2353.02844509,3331.9515016,4932.00758446,485.959590489
22,22,Brooklyn Heights-Cobble Hill,105324.814615,163740.485316,54133.7000584,124276.120301,78418.2420954,34665.6694073,77848.9597756,7990.00837946,211789.908044,111001.091956,74287.337332,56187.6056225,27858.3821897,3341.90930859,49616.7935864,126639.227293,165440.483672,68391.6325703,92729.1880003,63792.1023804,820.76692205,323281,148521.263531,121399.697313,207243.423073,20478.1574995,163471.177353,132810.665144,94480.9853634,183846.425801,18724.5311956
23,23,Brownsville,2644.54133532,3766.41734523,1136.04131987,1774.19866255,3058.83342775,694.48659993,1827.53225416,191.949055085,5027.78423737,2502.21576263,1873.53407654,1082.53717728,495.382892214,56.485229725,1425.82869214,2329.92665333,4426.44974454,1644.97361416,1693.74531633,1524.3554978,20.20210522,7571,3786.75938127,2830.73796478,3901.03976553,441.383005737,3822.36143609,3032.25555818,2496.56807448,4270.32986602,418.027198134
24,24,Bushwick North,7223.86154096,9470.38569677,2713.75276188,5236.04527994,4668.43010848,2095.57949585,6937.13921465,470.805901988,12785.5393497,6604.46065027,4443.47799283,2906.61404374,1255.61880006,135.775556043,3510.62572916,5467.55352921,11976.7255947,4354.2969792,3985.65813996,4052.71646137,80.092474319,19491,9707.54368557,7527.63293519,10482.1768448,1145.72045503,9301.29950021,8588.98004536,5735.86477614,11449.3281544,1273.14703765
25,25,Bushwick South,7494.21552065,10292.7006266,3187.08385213,6142.17426397,5773.69266685,2564.16518047,5982.44868355,511.519204751,13484.0841386,7460.91586128,4794.28412732,3419.49145968,1523.14725486,176.635175009,3779.89433504,6293.65531137,12533.679035,4590.7505087,4521.4412977,4316.29605967,76.827596126,21050,10685.3179445,8285.50888117,12182.6627035,1272.73975567,9874.92323289,9421.33701203,6478.43481668,11890.2115002,1391.83599077
26,26,Cambria Heights,438.263815198,726.820602436,244.915582388,355.861888644,529.603509576,186.129548623,287.404815865,51.000237334,1021.59423456,388.405765558,345.463758246,227.489969224,106.33839503,11.814893645,148.982189761,726.858494079,565.747680321,300.098280356,506.944193664,268.114460212,2.373443809,1419,527.569776019,501.342346766,850.204766376,76.119916846,884.591252826,441.288830422,347.187050526,850.951221274,62.107334334
27,27,Canarsie,4348.07234418,6678.45626101,2130.47139487,3882.45925906,5268.6340784,1162.22564479,2528.824162,314.856855143,9095.19999263,4043.80000757,3338.58123781,1971.23574825,907.104881363,88.529548431,2079.10477755,4939.68818453,6960.54522282,2892.81883114,3502.05082196,2613.4798783,26.541529122,13192,6056.85404216,4843.79734825,6767.42054966,682.758719441,6576.52957231,5495.71170833,3891.87989467,8042.05018435,651.36141265
28,28,Carroll Gardens-Columbia Street-Red Hook,10027.1059813,14158.4378237,4344.45619426,10461.8982947,7556.50802508,2889.24648842,6944.92661616,677.420573397,18031.8341195,10463.1658801,6374.35559997,5100.71009857,2494.91306128,285.683740405,5087.95323551,9094.5557863,16576.7435745,6266.48319854,6470.15137681,5946.73421341,123.519588069,28597,13996.2492737,11107.7330084,18297.046264,1569.17787188,12309.4675764,14089.3545518,8751.08157754,15636.145343,1974.97905727
29,29,Central Harlem North-Polo Grounds,6932.44369799,9721.38719288,3001.16910934,4948.51076535,5953.32132654,1706.31206073,6558.27061891,488.58522811,11975.6294398,7651.3705608,4224.22488737,3192.77725392,1556.45983368,215.892381575,4262.63002881,5018.93355033,12626.69169,4104.83383699,4005.6541812,3905.73729772,48.439941767,19715,11131.4666944,7977.91273714,11547.0904167,1889.77346563,9703.49494805,7311.73158582,7164.21977779,10135.1719321,1352.03775315
30,30,Central Harlem South,5756.6723627,7963.4880304,2435.83960637,4780.1058687,4280.24740805,1384.34841233,5315.7063109,395.591998509,9727.4390037,6410.5609963,3362.85268117,2793.5698092,1403.46728423,201.112528044,3431.89865343,4168.43988192,10295.6028077,3359.30278811,3367.77574431,3266.74473077,46.14295676,16203,9009.16321056,6566.08436858,10320.1284294,1464.7973611,7657.93133551,6488.27130348,5653.92499868,8221.09020792,1190.41704001
31,31,Charleston-Richmond Valley-Tottenville,3170.98179511,5833.7115659,1874.30663779,6782.6546337,1176.17157785,863.24339939,1874.81615326,182.114236457,7969.2081351,2906.79186534,2859.50937584,1855.23192511,924.44416285,86.985882468,1052.76500261,6568.2297173,3421.43045812,2311.31504375,4805.8067554,1864.81300073,11.706677604,10886,3695.26787804,3401.96375438,7272.41464535,497.741283883,6083.74651559,4246.51220133,2963.29627695,6514.45435093,394.70498663
32,32,Chinatown,45253.3625913,68529.1758451,22719.461565,51686.1812564,28419.6853322,19905.5610928,33107.7825906,3382.7897273,87615.7971917,48814.2028083,30252.6772399,24432.1200807,11782.894529,1459.65594882,22540.6121126,48877.688157,74303.0619251,28567.6854827,35584.2090332,27055.5684861,425.157410494,136643,66282.6727091,52352.0362367,89530.5153225,8757.65735657,64317.5773379,60619.7653082,41714.8853277,75310.4384689,9371.97114528
33,33,Claremont-Bathgate,4171.88228814,6010.5408828,1821.57682914,2576.29011396,3259.06930037,768.87811941,5141.59610297,258.166362137,7883.0616779,4097.93832236,2719.53695226,1582.50236498,740.13721081,97.524301131,2596.74262357,3034.2408345,7844.8046119,2366.49340602,2741.23170469,2179.44951498,19.412094175,12020,6724.81952638,4373.69175699,5367.88831529,1240.70594486,6992.51360507,3181.78045029,4456.48846991,6508.81883839,726.844410192
34,34,Clinton,38692.156621,55213.172714,17509.6706584,44802.619624,21085.7117675,12352.5111214,30337.852397,2836.305088,66083.653492,45257.3465,22037.293136,22588.892315,11512.9939515,1622.04724684,19698.635948,35628.595252,63770.773763,22805.735592,27938.632738,22963.050737,377.03546998,111550,57828.9798638,46548.0591443,91449.1118571,7494.6669329,51680.2299949,49549.1030719,31911.136345,58236.5207108,9543.69661688
35,35,Clinton Hill,5045.57213133,6540.6675014,1942.76036737,5378.42164853,3444.6225369,1387.68525105,2944.26867977,374.001883093,8084.3401161,5427.65988302,2771.32998785,2646.13640166,1362.0800992,164.555848082,2397.46641551,4194.84390658,7829.1920402,2958.26467003,2916.9120498,2939.4962677,77.508927369,13580,6853.76943781,5515.9405349,10196.0796381,761.067488015,5500.70689932,7060.2256127,3871.71787443,7160.13647877,1110.86268827
36,36,Co-op City,6103.129662,9275.0741983,2935.79614151,3770.5275295,5868.4729739,1052.70031072,7233.2915047,389.00767985,12295.9114882,5995.0885118,4335.2828497,2359.80898967,1090.24953564,116.308420255,3488.50991174,5393.7292875,11269.5560257,3605.46548421,4730.4200087,3293.03163306,22.178740117,18326,9857.21878156,6667.72208627,8168.68201043,2396.84784946,10908.2872634,4303.86488745,6854.09084388,9998.13517686,964.193816647
37,37,College Point,6902.38480009,11248.1995806,3755.41561977,7400.63259106,4852.64168814,3374.00811607,5650.08770943,628.629895627,15102.7678752,6766.23212431,5301.07191218,3561.22002529,1666.07719822,188.469971587,2892.06792525,9454.22709748,10432.1316831,4414.69736152,7227.02327756,4118.69577092,39.121610246,21966,9465.2938156,8080.85726027,12795.6478258,1323.13215536,12016.7211397,8225.14670504,5760.27563717,13186.4304639,1144.78200124
38,38,Corona,2139.92622925,3230.65315715,1020.42061399,1711.4110861,1203.9756607,1155.15276894,2123.20223533,197.258248913,4436.05397305,1941.94602696,1536.54734779,974.98155048,426.434098289,47.028698243,830.907596715,2359.48222376,3440.71030933,1419.44273306,1689.35289028,1282.86378684,15.240213206,6433,2911.46715692,2441.79567167,3473.78063174,329.982298483,3386.9424563,2593.07524549,1495.46255603,4069.91375226,360.349951998
39,39,Crotona Park East,1663.24825333,2380.4366642,743.31508268,1170.40677035,1206.20638409,347.42355129,1963.83109771,99.132196331,3143.8052645,1626.19473544,1104.31017229,650.20320358,288.9679892,36.592739322,1004.78820276,1284.79094567,3035.8792536,943.52883028,1117.28745495,890.51937169,9.222784852,4797,2649.80921571,1744.59528997,2207.98029038,470.037709626,2723.69090209,1434.27138844,1790.02152581,2553.28278994,274.382068705
40,40,Crown Heights North,7119.97695627,9945.16241162,3064.86063209,5103.15081227,8889.56540408,1663.01284072,3977.01156002,497.259382421,12967.7611045,7153.23889472,4892.41731203,3114.23016905,1437.50767636,156.248209301,3735.07150346,5908.38954003,12095.6469771,4500.01272969,4228.44288529,4182.15404092,66.768111031,20185,10615.5934711,8157.40610359,10642.075095,1167.59456395,9247.412244,9386.9931928,6410.06086626,11768.4021628,1203.99409756
41,41,Crown Heights South,2669.526027,3626.6677307,1173.80624174,2715.69165618,2586.6237362,633.0007364,1360.15198013,174.53189126,4789.6943179,2680.30568173,1732.35871189,1242.02103126,613.95348664,71.660278049,1263.25888424,2214.70391136,4500.8428673,1638.08419116,1504.38950703,1542.55296649,26.091529015,7496,3799.23759659,3021.20898462,4203.89428766,468.331960763,3010.68476184,3902.98327804,2184.87061933,4458.59172549,559.596008417
42,42,Cypress Hills-City Line,2622.58732574,3835.97615363,1100.43652092,1562.70225385,2834.3833109,735.20956058,2211.04400698,215.660867336,5277.16952426,2272.83047577,2028.71895181,1015.60723469,437.804979615,43.308901215,1331.3866967,2465.48897815,4285.91745614,1714.05627085,1714.04997954,1547.96958232,15.403142064,7593,3532.64028975,2801.89005186,3607.36002314,377.133924868,4108.90380867,2843.96226634,2267.36808065,4640.17024608,366.825641513
43,43,DUMBO-Vinegar Hill-Downtown Brooklyn-Boerum Hill,65513.9453174,98847.1699881,31751.8846964,68039.8687113,55686.3636182,20628.9596113,46587.6343635,5170.17369101,128083.708315,67743.2916855,45630.2136045,33368.2174706,16107.6077468,1876.23432434,31727.8673351,72389.3603766,104153.243792,41456.1948663,53633.5898633,39088.43202,539.113328402,196274,93019.6763553,74746.2052397,122114.601663,12769.7677594,100065.14445,79298.0877967,59261.3737591,110948.212406,11568.2567817
44,44,Douglas Manor-Douglaston-Little Neck,2242.9036871,3904.2411396,1392.8551733,2783.7490349,1241.97825423,1620.6801731,1672.1238372,221.46870053,5258.6496737,2258.3503263,1712.3004815,1390.89425669,670.30767497,83.25785174,840.83064711,3749.2890135,3128.1733839,1541.92932036,2766.6568514,1384.21904982,11.212504439,7546,2988.92086088,2673.05225254,4767.52972132,373.116322701,3893.25201423,3178.63166334,1695.40364234,4517.56195224,367.974266289
45,45,Dyker Heights,6234.56600778,9692.41868226,3240.0153111,7780.6479202,3388.0095805,3577.01345956,4021.99816264,399.330875541,13021.3881328,6115.61186687,4570.08848178,3118.26362174,1436.45065548,167.083639815,2825.14137881,7191.20251968,10123.6088336,4111.42668753,4945.83900465,3724.97984055,49.57816328,19211,9118.32366391,7031.30803734,10687.204941,1124.98956471,7926.40584447,9779.60459096,5544.32423903,11638.2841401,1174.77074215
46,46,East Concourse-Concourse Village,4405.67686019,6194.39226678,1871.93087341,2622.47230076,3286.32398045,863.429643142,5433.30939904,266.464677263,8013.4211949,4442.57880508,2758.70417093,1679.27332221,777.839616982,104.287928617,2823.58524229,2812.0156209,8487.8762572,2523.04761835,2480.15216707,2349.50075563,24.56397066,12491,7195.06562315,4658.48617596,5746.55288329,1215.89164288,6836.09540134,3631.01295639,4746.00164224,6580.29235315,787.878070388
47,47,East Elmhurst,1950.87624438,2873.31974153,899.804013667,1539.25996057,1281.98553575,808.53299415,1897.99067307,196.230836862,3872.51150382,1841.48849618,1386.78802989,885.4298788,400.145478307,49.299226087,834.808406884,2101.12743138,3057.85700335,1228.90257496,1543.23381106,1121.26084407,13.204507362,5740,2680.81207342,2193.67068999,3238.20682561,356.737388887,3150.9406283,2139.32198304,1527.29145076,3464.46087196,343.201687698
48,48,East Flatbush-Farragut,6794.49550556,10590.6608745,3466.84362059,7625.83279859,6869.19568187,1863.92473443,4019.27811276,473.768672556,13927.7000967,6905.29990336,5039.14858522,3452.53851313,1688.49203688,197.264057372,3197.99497929,8281.05116114,10500.0746388,4253.2298358,6165.45154073,4178.94248197,51.404258595,20902,9558.68252539,7858.5580654,12525.7823935,1269.39719206,10702.113813,8509.48899576,6199.15466871,12100.806421,1163.46227992
49,49,East Flushing,2320.75289366,3974.53710436,1365.71000186,2294.50571848,1178.28037011,2227.85437785,1673.77440578,286.585127363,5431.623114,2221.37688596,1777.16608976,1351.2108543,607.614658872,72.258395309,895.281434515,3510.26145048,3476.94166613,1606.20771349,2506.92183287,1416.83622877,10.562753626,7693,3157.70014983,2760.6599443,4465.50282022,389.12185219,3795.97891478,3425.89923297,1741.61243843,4796.57731824,390.869669051
50,50,East Harlem North,7434.22245311,10228.9712598,3143.80628678,5257.91294372,5870.51933791,1745.73923291,7445.37428447,487.454200823,12829.69737,7950.30262922,4550.36408242,3298.22862858,1558.51563535,205.834156602,4624.35600644,5056.88354179,13670.3960379,4367.57686954,4106.46275745,4121.62317675,53.898865449,20866,11809.9673621,8241.69566212,11672.1757074,1947.64935029,10167.8580095,7947.49263988,7657.06000945,10711.0626092,1412.45070893
51,51,East Harlem South,16211.7377538,22957.7716675,7572.49057374,16294.5479768,10518.7320381,5143.95046605,13570.0727399,1214.69677777,28170.172577,18527.8274239,9238.3352819,9092.12513741,4552.34014135,726.04909406,8446.2718475,14035.7835846,27977.6931995,9783.0450953,10662.8689716,9621.8438626,123.155457686,46796,23615.0454116,18715.7554215,33996.5077753,3431.28015947,21635.9382305,20211.7816098,14288.6644345,24221.79103,3618.9122221
52,52,East New York,10867.1439411,16148.7452046,4967.11085362,8365.98815597,11969.9509191,2896.94119924,7897.09935176,853.020371837,21766.0612854,10179.9387145,8227.84848625,4567.41049468,2075.44408656,218.020223488,5644.40695448,10880.0010466,17807.4763512,6814.56609773,8028.33263331,6365.97820696,71.428795866,32072,15390.9187565,11928.9174665,16184.5679909,1954.17340266,16993.32141,12110.5051881,10157.5402313,18688.6185894,1636.23089777
53,53,East New York (Pennsylvania Ave),3807.19249007,5461.63520333,1624.17230535,2222.18290083,4349.98249857,859.86642801,3181.69905557,279.269116141,7358.15393544,3504.84606459,2720.42877154,1476.2974811,642.081804226,65.318532317,2056.12775611,3184.17594415,6599.5923735,2418.86520551,2342.18582034,2164.35086201,23.641145456,10921,5549.24404067,4056.11852537,5096.04897009,735.226497613,5824.25886938,3986.51463305,3689.51087689,6270.56794837,575.366551799
54,54,East Tremont,1994.11121393,2794.9342787,814.95450757,949.57998334,1550.89273401,365.40800269,2628.46486693,109.654412931,3715.5139027,1883.48609737,1274.39911915,678.6502082,297.426980943,37.949788827,1325.79592939,1205.31537045,3866.619787,1114.10316595,1111.54161867,1004.84932063,9.259011696,5610,3251.46738414,1977.4316516,2229.1463609,625.17455083,3285.42908368,1460.39636551,2267.64737815,2918.93584828,329.218257406
55,55,East Village,15701.0350969,20976.375909,6634.5889921,16665.9768298,8916.2735076,5379.9005041,11227.8512674,1121.9978916,25212.6394538,18076.3605492,8543.7236907,8851.2184643,4259.0524154,581.85677801,8196.2322971,12637.5709519,26246.963442,9261.8834424,9275.2339022,9068.373602,204.81767316,43420,23311.4461946,19117.6783929,35524.5995475,2877.9500024,18661.5781418,20449.4718576,12611.8906629,22936.307411,3847.80569238
56,56,East Williamsburg,9983.6299791,13441.3054264,4084.06459287,8683.3680107,7216.900924,3072.49043109,7885.6613097,650.579323417,17651.6474937,9833.3525062,6373.3465279,4463.4613708,1950.17591035,212.826533423,5006.72337018,8022.0861189,16724.7808629,6014.96854719,5949.47543075,5656.88372822,109.050504675,27595,14304.9607284,10905.8126993,15826.1951377,1714.66660656,12662.8741319,12580.4592609,8743.54261716,15422.5509535,1817.71818005
57,57,Eastchester-Edenwald-Baychester,1913.44613575,2885.34217946,902.211685469,1329.95168909,1723.23500923,352.611096514,2174.36344264,120.838762125,3850.74887216,1820.2511281,1345.41826075,763.944914111,361.018947284,42.218644607,1047.04587719,1776.6665859,3369.1311082,1104.85432514,1582.86780092,1019.63719258,7.200932115,5704,2904.93074285,2035.30663592,2662.27355953,520.876354685,3475.90283784,1463.22080765,1956.79191692,3210.98205316,302.770460963
58,58,Elmhurst,10674.3721407,16058.612674,5094.01518575,9188.94735715,7566.43576656,4915.8170491,9221.37564906,934.424177617,21065.6804883,10715.3195122,7332.75169022,5259.13156123,2409.4824021,300.845010178,4925.4071162,11282.2090555,17472.8603203,6843.00394304,8313.68276208,6390.16089928,76.53776618,31921,15320.9577633,12374.8158076,18699.2721394,2059.1131165,16634.3231338,12518.5637485,8918.59206231,18857.0697484,1877.82307515
59,59,Elmhurst-Maspeth,2646.8356144,4072.1535212,1341.01086455,2843.5597174,1206.82265588,1685.0227132,2123.2042915,201.39062221,5390.7275365,2652.2724635,1867.3602624,1404.442819,610.07481155,72.921881989,1203.28760365,2892.5767988,4393.1581973,1748.1238219,2040.0684492,1607.4392823,19.910235049,8091,3839.28183203,3127.30932144,4555.95285538,469.330654328,3781.38514823,3698.28419765,2096.80652246,5006.010244,494.524461136
60,60,Erasmus,1859.29727456,2750.1204054,864.58231982,1461.48526926,2300.5876342,485.46126632,1101.79006895,124.67576115,3632.0005092,1835.99949044,1368.82004906,833.58208745,384.30969536,41.605994196,943.54301025,1744.77299531,3173.4820563,1195.30893439,1295.37783586,1119.41698373,13.330076266,5492,2714.97783006,2110.39604216,2850.29892678,294.348240542,2731.47932864,2319.17243082,1679.14011757,3289.34016026,287.609027534
61,61,Far Rockaway-Bayswater,4188.60143058,6559.29737482,2254.10119394,4124.5378052,4531.66597653,999.15755679,2981.3897916,365.248867398,9093.597557,3896.40244436,3091.45697014,1883.52214852,909.33011294,98.257171328,2117.84467284,5190.02340216,6536.16667783,2616.54901013,4184.22128065,2244.73815422,35.031337697,13026,5653.2371401,4582.7425739,7017.36888445,774.187608531,7786.2756315,4333.53676016,4013.65668367,7528.06521396,721.423607024
62,62,Flatbush,7501.73969456,11157.277941,3610.98236376,7568.79497606,7328.63310346,2570.77241797,4295.43237794,506.367123119,14811.7100242,7431.28997641,5429.46628765,3564.28967391,1666.65242514,187.797578671,3748.29963375,7200.84936304,12897.9316912,4874.52304112,5082.51923656,4521.52331495,62.275476056,22324,11181.3966126,8579.47003793,11521.7182781,1192.15783564,10049.618287,10586.2238778,6664.44536397,13646.4397734,1307.89318842
63,63,Flatlands,6192.33936945,9761.17793484,3350.4826963,7706.26247582,5716.01221518,2042.88909976,3444.34815263,394.48805527,13206.7379691,6083.26202975,4815.05787754,3164.42264801,1460.39027182,151.891382711,3015.92174608,7372.05215577,10131.8820565,4170.45957675,5146.08893454,3773.85116076,40.097018768,19342,9101.35504885,7097.12691193,10091.1637639,1068.89615988,9074.15119442,8824.95264606,5740.80058388,11853.092519,1053.29612451
64,64,Flushing,14936.8199569,24019.0135425,8111.16650197,14222.8407403,5686.64690336,14366.2918188,11393.5067199,1397.71381926,31999.5447445,15012.455255,10771.8153776,8155.22607679,3660.07619232,450.561902759,6696.52160667,18099.4520402,24463.8240756,9643.04464473,13086.8044501,8871.42362849,98.336646046,47155,21978.0026864,17701.6960009,27238.8527629,2597.55074814,22537.7044449,21402.7448071,11950.3397044,28599.0303035,3103.54803508
65,65,Fordham South,1366.0096287,1929.9583782,566.03199324,809.60085525,969.38876675,239.88481517,1766.1655702,76.959992285,2547.0092734,1308.9907266,869.67147503,497.83439913,229.21873192,30.380752357,849.74452692,911.5969655,2594.9807022,749.42287078,865.99018482,705.75371874,5.879468014,3868,2202.29393441,1398.75010147,1671.03960257,448.39033526,2176.11127101,1055.49839417,1430.89372971,2124.92022169,236.438336895
66,66,Forest Hills,15944.2505571,25416.9667632,8579.78268112,17656.2140586,10652.8900151,7385.07521656,12739.4223795,1507.39832896,33564.0142813,16260.9857167,11633.279158,8540.91140364,4034.96072356,484.14529056,7321.57315661,19574.618312,25589.6474697,10624.7860757,14187.8385006,9853.08284106,96.10690443,50066,22878.0744824,18982.248928,28860.8270349,2867.05293582,27155.7273928,19070.2196705,13479.9297764,30337.2480947,2723.09195988
67,67,Fort Greene,9379.2650193,13527.1845732,4282.55040859,9716.75490418,8192.25087634,2790.47266279,5787.37922561,702.142331524,17095.0881194,10060.9118806,5999.50084949,4987.44340891,2490.65081119,304.770227823,4475.31443806,9359.8451265,14995.4492048,5860.80482172,6759.53417927,5690.10943404,99.61088516,27245,13106.5238376,10786.9631244,18504.9113552,1585.4341776,12554.1445747,12612.4212489,7880.6043202,15225.9244568,1800.17566949
68,68,Fresh Meadows-Utopia,2774.59037993,4601.42850731,1531.98111376,3057.3907742,1781.89456272,1706.06229915,2033.08369179,329.568671352,6201.3903319,2698.60966799,2110.5636185,1531.60144189,716.1399405,79.948155418,1096.85651418,4035.13936527,4100.59431987,1863.98880427,3000.93403276,1684.19508386,13.968668651,8924,3744.65546752,3280.67379118,5353.14463689,504.364552091,4784.91513965,3535.72030746,2144.02094274,5520.86147689,422.814712921
69,69,Ft. Totten-Bay Terrace-Clearview,1867.52925876,3153.5145,1123.95624103,2412.9854175,974.86743445,1069.20585153,1508.79975809,179.141538264,4210.95421097,1924.04578826,1400.60936718,1104.8009256,523.068850122,62.982212578,749.96955378,2882.61911905,2703.22789032,1253.36694875,2148.95267018,1150.86887019,10.776649915,6155,2544.93704638,2218.56448525,3885.93288057,342.300139984,3129.63349318,2598.06636708,1473.38028263,3562.93115201,311.382924378
70,70,Georgetown-Marine Park-Bergen Beach-Mill Basin,4068.46444954,6645.19237265,2270.34317803,5580.89011139,3575.46394399,1374.52624869,2170.83548371,282.284211743,8967.37932495,4007.62067582,3244.28431219,2166.82291964,1037.86366174,104.007627949,1845.3031693,5558.04611044,6208.50165739,2799.47274978,3854.66024016,2524.8761911,26.401225274,13015,5740.5806956,4702.67435897,7197.33342497,689.146568304,6049.79255603,6042.06087518,3650.42022523,8004.80871481,687.469824601
71,71,Glen Oaks-Floral Park-New Hyde Park,6249.1693758,11351.9282421,3991.90238207,9584.8513618,4242.36744461,3088.06827549,4007.60150316,670.11141593,15555.6339587,6005.3660423,5038.6372236,3987.24205177,2046.31336828,230.731366994,1933.3530655,12638.0109306,7219.0018436,3872.78106197,9628.5767236,3959.59067733,29.238961665,21608,7256.40645024,7106.90608689,15127.4812241,983.011586933,12756.8016861,7703.18672815,4595.27759861,12489.7869309,959.633601585
72,72,Glendale,3227.98907501,5137.34480678,1652.66611894,4035.77930568,1830.71205408,1149.62971117,2724.7780603,277.100868478,6837.10669217,3164.89330783,2520.65659306,1626.83001258,753.157300589,79.018429918,1297.96990194,4258.55929369,4768.23271932,2124.99168931,3172.65130675,1976.40350393,24.42219769,10061,4237.73639806,3736.16505045,6118.19301008,523.501649644,5351.68236983,4004.81598007,2417.58699039,6283.54055655,515.343367376
73,73,Gramercy,20520.380406,28980.57745,9325.0421411,25088.63529,10752.994431,6840.7000684,14620.925762,1522.7444502,35089.865594,23694.134407,11579.63774,12237.400592,6129.02147,847.6169888,10027.35578,20025.1672,32688.494225,12234.407925,15119.878139,12250.845872,215.45435296,58930,29090.6287739,24313.1806944,49461.9380932,3608.3067245,26626.3947387,27129.2985384,16097.8105787,31125.594159,4908.2515253
74,74,Grasmere-Arrochar-Ft. Wadsworth,1209.4817505,2142.5623453,714.95590408,2415.9279308,418.6191545,454.27053125,702.74585621,75.436527252,2873.9414839,1191.0585161,1016.96939918,731.02593854,360.22256793,40.2431638,441.37510994,2222.0762961,1469.11211024,893.26771954,1565.26513578,717.9008669,6.10034921,4075,1479.74765516,1344.58482505,2774.06461326,166.481512164,2269.2540608,1583.26442707,1126.59384307,2410.85251209,190.974582981
75,75,Gravesend,2432.9276972,3896.1793527,1427.89295036,3650.1891585,1555.09923827,1086.29899073,1311.65206889,153.760543088,5265.7729376,2486.2270624,1921.56150045,1332.84425678,612.09597513,66.389515023,1222.68198527,2971.0873307,4046.2241346,1647.21060962,2019.75349142,1490.71406041,17.426147191,7778,3714.23823432,2829.69974077,4136.8481574,459.138421715,3347.84496713,3873.01661117,2369.16492763,4657.7573545,453.234551477
76,76,Great Kills,3556.33282115,6264.00512371,2042.66205462,6765.59639786,1590.50068135,1053.65937137,2237.67062669,215.572922428,8638.1099294,3210.89007068,3170.59988669,1949.27873826,924.790562943,84.295425652,1350.27382191,6831.5533738,4036.22887077,2644.11108503,4830.4723308,2054.03996686,11.793464932,11868,4173.92834826,3730.93456682,7515.73728724,470.856819387,7288.59135748,4034.55182409,3624.3890867,6862.8551718,416.932201661
77,77,Greenpoint,8128.1142017,11014.2197917,3376.66600621,9858.0516763,3692.82816095,2605.34448012,5811.92472329,550.850959623,13768.208342,8729.7916578,4876.73137296,4396.54927644,2044.88211315,228.708674791,3721.27099241,7345.3013207,12873.6951014,4896.79083026,5559.85002621,4774.54414724,118.330006669,22604,11173.8659853,9373.9724846,16031.8377871,1277.53839255,9812.99310717,11077.4685011,6113.16908429,12782.4074398,1616.76323141
78,78,Grymes Hill-Clifton-Fox Hills,1259.33246171,2109.1583483,684.50919033,2225.9434837,606.1381562,362.69464178,772.885356,85.338362306,2797.1381289,1249.86187151,983.13320872,723.65538036,363.98256801,42.525115407,476.95759911,2130.4337952,1535.70202693,852.21557,1592.19317205,735.65643423,7.379627184,4065,1501.75040022,1395.53095699,2882.50129838,171.711349901,2322.39590639,1528.89274406,1174.16759752,2297.25079547,195.059892828
79,79,Hamilton Heights,2117.7035751,2919.6666658,894.62975914,1507.0312741,1408.7457711,523.81027977,2349.0935985,143.31907604,3598.2425832,2325.7574172,1236.44103096,959.56204129,456.29264196,65.428540862,1311.9449926,1374.2575098,3943.8597204,1234.420747,1153.12133417,1185.01392367,15.547622672,5956,3450.78522487,2408.40582348,3385.81689212,661.52808719,2895.53859207,2198.93332132,2114.41091149,3107.85413934,421.222088882
80,80,Hammels-Arverne-Edgemere,1470.56733946,2439.79914257,781.63351808,1256.99593814,1900.99333728,362.64073843,1013.15496916,158.215016251,3281.1661846,1408.83381547,1162.97231849,652.13042604,288.948700944,27.719812616,714.17663625,1899.84109948,2300.67289691,995.20573807,1475.73870399,835.69432475,10.530469008,4702,2076.43977196,1727.57633538,2426.57921437,339.74240668,2961.90463719,1363.35295607,1583.2711861,2648.53532655,207.782246985
81,81,Highbridge,1359.8561684,1894.5983914,543.5454401,703.99286697,1010.66406099,206.69952769,1801.5083751,75.135169095,2462.2678891,1326.7321109,848.57692081,472.22071183,215.01012901,26.886238615,867.87727426,746.49826577,2693.3097602,753.51235402,730.45926674,697.67752706,6.573826853,3800,2268.19214984,1387.39448491,1575.12447643,385.34270262,2123.44624336,999.21105373,1471.37392307,2020.44031634,236.886631765
82,82,Hollis,725.581201522,1183.59893505,377.819863519,477.90867984,866.606165372,339.395640445,495.561434632,107.528079754,1645.5501932,637.449806806,574.888030685,345.804381849,153.962548214,16.12099156,272.082290611,1079.74069527,1010.87463153,506.882582432,741.903761945,430.698702533,3.446190689,2295,931.236091317,821.330373472,1269.54745805,136.761420574,1442.1519576,684.086621806,585.105949724,1400.45301467,101.108918094
83,83,Homecrest,5712.32036857,9188.06959436,3530.61003725,9980.64740413,2769.77103381,2481.40237674,2849.59874864,349.580435138,12383.1149329,6028.88506713,4502.5835596,3350.95131502,1541.69491551,186.956667365,2991.44074401,6892.75650573,9755.03010585,3813.08118249,4728.36086626,3515.56844193,40.827949906,18465,9082.00447536,6756.77174693,9757.80579909,1082.96929753,7339.06239176,9810.96830954,5441.59964446,11176.8695607,1172.17918808
84,84,Hudson Yards-Chelsea-Flatiron-Union Square,133893.36626,185320.145801,59004.4879547,170220.917127,64194.3637562,44054.0038803,89759.5319419,9989.18327449,218563.665061,159362.334941,69953.1823142,83817.3073434,43112.9279322,6205.48706829,64297.9053068,125169.972055,212230.923083,78568.6281634,94144.8829629,80393.7370111,1587.69622317,378626,187482.740703,158277.300088,344613.177631,22568.6502462,161658.122097,185727.227658,101578.718147,191504.367006,34937.5587522
85,85,Hunters Point-Sunnyside-West Maspeth,42910.8273902,63137.0627567,19836.1098594,41305.7347509,27362.0607292,16233.2019111,37567.2734759,3415.72912821,81594.20228,44154.7977222,28412.6947505,21440.2760952,10067.8322866,1239.49179552,20770.6560571,42637.2624783,70850.5169079,26454.5628877,32752.0909483,25263.7975294,344.47981409,126160,61897.3342059,48896.9564259,78056.0221071,8243.06000986,64162.4629775,50643.4770138,36571.7834457,71765.3264002,8070.76282838
86,86,Hunts Point,11450.5400123,16277.066151,4941.39383772,7615.30307754,7390.28134583,2310.67585413,14657.0404661,695.699255836,21709.9545151,10911.0454828,7414.47673439,4316.67498847,1925.142224,245.767374828,6944.71987062,8395.1826489,21113.0526057,6348.44640851,7587.17037848,6002.93535587,57.284848396,32711,18078.7498227,11721.5614869,14583.1514491,3363.32279087,18667.0853964,9327.59181249,12248.4993161,17362.4061104,1955.85913964
87,87,Jackson Heights,7348.24990845,10952.1265036,3440.62358712,6230.83136661,4033.72641106,3499.97847337,7324.73837791,651.725370805,14390.6457954,7307.35420477,5039.65814424,3600.91214507,1636.11400141,191.540267604,3215.81104817,7708.31261856,11944.7827009,4774.05316547,5565.0158622,4431.22153127,56.043055207,21839,10518.4171328,8546.29832947,12721.5170491,1315.50072911,11540.4553505,8406.04392056,5725.06706047,13189.9885016,1289.65462101
88,88,Jamaica,13354.8350314,20623.0402086,6460.12476015,9571.76651156,11956.783821,6037.1354805,11118.9315584,1753.38262485,28308.9181356,12028.0818643,9985.30687863,5996.24447137,2642.38603493,287.298638048,5985.06872264,15556.2489763,21083.5740012,8857.92327483,11004.8153271,7869.1240397,70.848064697,40545,18523.9534404,14937.8166416,20792.4138112,2462.49742455,23241.5381811,13966.9643934,11462.7617706,24722.1781775,2004.18371679
89,89,Jamaica Estates-Holliswood,1983.58223305,3306.14546275,1124.27230391,1942.23920616,1471.96831407,1263.0445748,1432.14896243,304.598942613,4530.59138121,1869.40861892,1478.3926386,1118.9090222,542.029335675,61.309164082,692.049691522,3089.64663249,2772.6471808,1384.39121963,2142.19621517,1245.11356716,9.767332715,6431,2556.01322356,2345.98357415,3917.35000099,316.769548249,3604.36037528,2431.87007675,1468.29774932,4000.48491577,302.751421232
90,90,Kensington-Ocean Parkway,2825.8806556,4014.3267996,1305.79254483,3351.4077705,1846.25037565,1012.35216019,1758.14810958,177.841584128,5504.8726576,2635.1273419,1967.29580928,1262.04691874,600.52648482,71.36792068,1370.71071031,2414.0612068,4959.8163263,1723.00026374,1718.31796357,1589.80175988,22.198730147,8162,4312.42739157,2993.83673892,3894.66349846,479.442939933,3420.46044275,4082.09661774,2456.47160371,4936.11903851,596.785521639
91,91,Kew Gardens,3664.2844755,5643.3184054,1795.39711859,3397.6087559,2699.86758891,1607.33586295,2988.94962348,409.23816863,7537.3479055,3541.6520945,2618.77721264,1805.23473374,861.75011648,96.995295122,1580.43510008,4295.3364976,5739.2871697,2388.50130681,3139.30931916,2190.37550331,21.841034047,11148,5039.69415551,4225.67212798,6352.77249967,637.330605319,6116.44575812,4149.22363737,2946.54676732,6845.19167274,599.938255858
92,92,Kew Gardens Hills,3308.1733377,5041.33819356,1652.48846877,3326.83425796,2111.3701895,1642.28244878,2575.62142875,345.891674978,6794.59012302,3187.40987718,2316.36088763,1677.60025083,806.704205214,97.373165263,1401.59656429,3966.46204902,5090.70297998,2137.0905272,2872.35803859,1942.15006145,19.301848292,10041,4523.33785026,3794.74972003,5698.93987862,549.824048018,5307.37906764,3989.7968844,2610.72554853,6149.1600545,534.26000892
93,93,Kingsbridge Heights,3725.559719,5459.194568,1715.24571323,2565.26263429,3017.7369882,720.85119048,4357.5349621,238.614225128,7063.7987236,3820.2012768,2432.2747704,1564.77779206,753.88469324,103.957635028,2151.5567912,3011.2176033,6850.8323486,2150.9951909,2664.6942173,2033.51155684,16.959649337,10915,5908.34901341,4111.9284065,5472.37962521,1191.00212678,6166.06042356,3130.93744888,3806.30499594,6046.82278845,655.661966098
94,94,Laurelton,1296.26365192,2059.19639385,638.539954329,716.979953106,1689.39152878,487.418911547,913.405276653,186.804329808,2908.32884282,1075.67115758,1007.19522093,573.561065284,247.254079702,24.172096013,452.09815526,1831.06501307,1810.8143598,909.013461243,1254.66013114,770.486214358,5.998382069,4004,1613.1081097,1436.51469601,2142.8064263,230.5774172,2537.21204056,1187.21054218,1001.08321108,2500.37488048,161.496483295
95,95,Lenox Hill-Roosevelt Island,33705.4501956,48489.9548733,16309.5949303,40379.2295846,18872.4690907,11489.6169261,25240.4531476,2523.23125483,58212.4366045,40193.5633965,18801.6769636,20599.7555297,10585.7842891,1820.79672751,16506.547557,31698.7001831,56025.9238959,20450.5941552,24070.7373432,20553.6275745,288.499092064,98617,47674.4621505,40500.7536267,81449.2201315,6616.66563883,44975.7088436,44745.6255099,26529.9940473,52125.5099783,8771.61798471
96,96,Lincoln Square,29459.6305368,42098.377457,13687.9920023,34811.0572153,15531.681342,9451.7784457,23296.2848897,2155.19810282,50197.623339,34956.3766606,16262.2066685,17405.5789066,9304.3200381,1412.95294451,15224.4992735,26548.6070683,49358.583884,17750.5016096,20015.0985334,17914.0015792,292.798499766,85317,43037.7531818,34627.9610058,69075.7453368,5797.45382981,37562.8929642,39809.6532117,24521.4623578,43909.8740432,7193.28082397
97,97,Lindenwood-Howard Beach,1812.6822217,3106.2074238,1116.11035423,2690.6797989,946.25764192,765.33502193,1416.9673728,215.760164895,4299.8480203,1724.1519794,1553.96667117,998.83635839,445.59191237,48.309110099,661.69936694,3025.2674242,2435.3428193,1291.70038983,2153.9759067,1147.59287649,10.835579799,6043,2370.96238287,2140.78684971,3667.73536597,316.86032557,3125.32207753,2545.81759676,1341.1573105,3999.4234885,265.188388264
98,98,Longwood,1673.690717,2307.5863224,682.72296079,871.6439627,1257.0591522,329.28422557,2104.066105,101.94655457,3041.7039492,1617.2960508,1042.7253249,603.31414235,273.57484189,36.310271704,1067.3262715,1041.0887245,3166.029593,947.9130371,926.7138733,875.227211,8.652002026,4686,2672.531362,1723.59389448,2064.53240558,520.41867931,2664.91421793,1275.66710328,1822.3872697,2413.8580147,282.406015183
99,99,Lower East Side,5451.34843055,7610.93412114,2466.71744852,5400.46120932,3147.15757367,2306.95687467,4252.54335267,421.880988846,9291.47293522,6210.52706489,3212.65543352,2945.58499214,1363.17708303,190.758424973,3029.16235297,4326.57386259,9639.06651909,3263.2707393,3085.98534717,3141.55857908,76.513152522,15597,8550.57011545,6389.57851543,10822.7105938,1083.04969411,6648.66512779,7180.2851787,5206.52398985,7920.95125983,1367.32631897
100,100,Madison,3687.51478179,6189.6633968,2347.82182145,6388.85204528,2200.10525792,1667.39169482,1750.46183443,218.189166716,8224.32467688,3981.6753234,2966.82477896,2272.38290593,1026.20328587,121.716136234,1952.00345479,4745.28289016,6325.1284629,2603.12214202,3160.96314726,2377.56348344,24.503156994,12250,5837.01654152,4481.55233867,6556.32636763,677.27778709,5038.51702624,6368.20518699,3627.09709017,7482.0875257,715.377377062
101,101,Manhattanville,3485.3579143,4818.005452,1484.63663371,2581.6221578,2481.98460014,845.18510028,3634.4693775,244.738763773,6104.6489145,3665.351086,2090.49085031,1560.69636139,759.96359732,106.699728802,2077.92648305,2563.37467941,6256.8175981,2011.63430412,2121.9322212,1940.43079542,23.632693619,9808,5396.28964273,3852.35623104,5613.62638325,948.24393502,4973.97302068,3440.78304518,3412.81056162,5161.11280818,657.699831937
102,102,Marble Hill-Inwood,3074.0020692,4303.695285,1279.30264582,1968.4080622,1724.5487386,527.4991048,4258.2122079,178.331885713,5478.8275043,3170.1724964,1818.0364028,1268.26482171,612.03279497,84.818646821,1791.68609995,1831.3881753,6034.925678,1740.13377073,1739.3681055,1647.44786391,16.48940609,8670,4984.04705393,3327.9789813,4315.79781659,961.47608057,4649.91249377,2621.61142639,3097.54931319,4782.78398206,604.033871987
103,103,Mariner's Harbor-Arlington-Port Ivory-Graniteville,3032.0126228,5240.9957705,1679.99160703,5239.2735618,1515.80671283,908.10382788,2088.3329209,201.48297729,7148.7142091,2787.2857905,2619.9920426,1638.18286946,785.90024622,84.219276333,1204.5542671,5511.836511,3504.1481285,2025.3683485,4225.2981704,1697.41664218,13.159823882,9965,3644.40220048,3221.89925402,6282.39980862,486.733661588,6377.56934312,3028.69699658,3088.86644559,5631.26569247,389.546818922
104,104,Maspeth,5380.93375835,8063.25815442,2550.8080877,6064.40995642,2718.04566936,2145.99295383,4661.06805664,405.483363124,10566.0887947,5411.9112058,3889.60861797,2601.05884562,1166.08631016,130.612288286,2393.04062334,5861.92982655,8538.79556477,3441.94356139,4363.77660724,3206.79127637,49.365428247,16051,7595.78003943,6222.2033753,9421.38268165,933.405014865,7753.96996769,7094.62501696,4124.17508052,9895.92807323,977.833366487
105,105,Melrose South-Mott Haven North,2214.8766895,3052.6624461,910.46086455,1159.11897556,1631.60649341,439.88601685,2813.8576329,133.530880988,4028.5061643,2136.4938363,1398.87640689,782.0851612,342.36975323,45.057500595,1451.56704961,1322.5126538,4274.1444657,1239.25207195,1204.21367763,1138.94268301,11.146049385,6192,3643.84466304,2243.91744034,2578.71576993,629.153746249,3545.25325929,1717.59299483,2507.61481777,3179.19993161,382.502573156
106,106,Middle Village,2356.54401521,3796.74836502,1271.70761999,3101.73704376,1177.89149719,995.526135285,1946.14412593,203.701198007,4973.36361821,2441.63638173,1827.42349834,1270.22610281,576.841030433,61.926185963,943.095643603,3121.68942546,3575.51278265,1669.72988865,2191.63295952,1500.58263944,18.793864671,7483,3231.3549896,2823.4040633,4659.59242892,362.223676792,3629.85359915,3363.92272394,1673.74128666,4789.80945093,401.471212037
107,107,Midtown-Midtown South,385699.790338,553540.794,181360.415655,518574.74955,177482.105553,135095.885138,260237.326094,29210.9336621,653673.00765,466232.992361,206168.88502,251670.658528,131603.472286,19348.2987843,184574.976276,391070.191056,606356.24185,227271.788267,298325.866906,235081.28993,3955.0920329,1121413,540741.277125,458147.380826,1034682.38892,65452.5223934,489485.354536,541268.123117,289760.713312,567482.638255,103848.442825
108,108,Midwood,10033.7348518,15091.1493165,5314.11583163,13762.1652493,6840.27275738,3472.54791308,5789.38282095,574.631258237,20423.1338025,9983.86619804,7346.38433732,5087.47180808,2358.46160582,274.475698441,5327.90778285,9874.01983559,17642.906029,6452.12361236,6921.76902658,5848.29235957,73.801987963,30481,15576.1874571,11235.1438687,14959.7095635,1751.44964438,12570.2136399,15569.336718,9410.30051117,18418.4006622,1989.28340068
109,109,Morningside Heights,26500.4977509,33995.9651783,11375.5370688,31071.9865696,11775.0904511,7769.01084214,19307.2606049,1948.65153928,39815.1710823,31996.828918,11548.2687693,15342.4967892,9308.56958619,2072.07534919,14668.1835604,20535.4966609,43526.0967697,14128.3931642,15310.8269562,14902.4882879,243.343271634,71956,36686.3939629,29565.5507339,62801.5003391,4855.54912416,30040.2773988,35381.1734776,20198.2723372,35721.6480606,7026.02778316
110,110,Morrisania-Melrose,2436.82401058,3477.98391524,1035.19207411,1328.0699234,1942.30499304,482.302315028,3041.13878353,156.183985493,4558.94483821,2378.05516182,1574.44406241,916.20826719,407.5020911,53.442674047,1519.58882671,1623.69336136,4666.60112527,1399.75283129,1449.99438727,1289.80595842,11.286818877,6968,3909.95071763,2559.91789417,3044.82301739,721.756150545,4017.62797027,1851.61587911,2668.85977371,3677.40529259,417.548763561
111,111,Mott Haven-Port Morris,15053.7949512,21141.7317101,6390.47333897,9281.98274729,10962.0945117,3224.77719989,18192.1224453,925.023094813,27549.324374,14976.675623,9550.07381019,5844.7193373,2628.40613832,342.402939386,9373.18216296,10131.550646,28403.6536599,8619.32847475,8792.69233744,8050.78641022,82.644100573,42663,24329.9664478,15787.0767363,19955.0331237,4240.70185519,23163.5057153,12938.792432,16340.0648963,22269.5729302,2683.08991592
112,112,Mount Hope,3664.49258955,5257.12209235,1560.38531772,1986.0120385,2914.8232107,647.104494486,4709.54921591,224.511039153,6874.60045325,3593.39954631,2360.94365034,1370.29326743,630.383460794,84.278473367,2224.19869058,2457.70056248,7061.46282148,2096.91515187,2269.7977863,1926.62689992,17.060869404,10488,5956.15979906,3879.69346822,4593.88440281,1183.45773436,6080.46681578,2628.07545037,3906.34248789,5740.93799551,638.355507496
113,113,Murray Hill,3532.01001858,6094.63661158,2109.35337043,3728.27871455,1773.59707636,3131.15199147,2721.98065365,380.991563962,8213.21338707,3508.78661264,2778.12818506,2060.8967035,924.607820535,106.834784087,1403.39218292,5230.30241041,5440.96741937,2456.61877074,3858.50443909,2158.99973374,18.025301986,11776,4937.84926876,4272.74409473,6798.98928798,566.871401788,5778.17927138,5303.94932735,2564.81443548,7408.99324531,612.525404323
114,114,Murray Hill-Kips Bay,71438.795142,101549.059005,33431.1458363,90503.768954,36207.687836,25380.9667245,48909.400589,5417.1759123,121938.99164,84329.008361,39351.266579,44474.1716428,22893.9891353,3363.94946863,33903.5257487,71232.188694,113006.537262,42288.871424,54005.296961,42706.080152,698.51412361,206632,99189.6680355,84791.1558939,181184.457792,12325.4340915,92359.327983,96361.2379326,54675.7919551,106800.792129,18541.1781503
115,115,New Brighton-Silver Lake,3164.0049079,5611.2238013,1800.7712912,5892.7882873,1383.31539232,981.12363723,2114.26052173,204.512161357,7516.4213525,3054.5786474,2776.20473232,1794.94516242,891.99880049,91.220886426,1225.15905352,5875.6741311,3706.10535,2398.34626476,4283.8315301,1817.96005984,12.473068444,10592,3749.11717928,3383.95890212,7102.50265454,393.375908284,6497.08658917,3635.53750214,3166.68593368,6192.89420327,402.021593011
116,116,New Dorp-Midland Beach,2860.5001542,5176.3363082,1759.1635365,5857.1023935,1061.91739174,890.96220521,1818.9837598,167.03424985,7052.0985741,2732.9014254,2632.6640011,1619.9679445,788.14785837,81.330192059,1052.76110147,5606.4728021,3332.1093222,2134.8660739,3997.5239113,1698.0513837,11.227273443,9800,3549.24608973,3107.51451594,6322.81853305,421.619941238,5768.52946243,3546.85059562,2784.47000987,5845.9514372,364.812189403
117,117,New Springville-Bloomfield-Travis,7028.20909046,12395.7321591,4063.05874995,12921.4525158,3338.63213399,2158.44602883,4615.85962839,452.609693021,16957.1994628,6517.80053759,6204.64808004,3927.10720322,1916.5345583,199.762195229,2663.06536088,13364.1811667,8069.63333216,4971.72335999,9921.85537865,4025.11507537,27.162483294,23499,8377.48488782,7510.0156732,15352.7453862,1022.82568373,14563.0193659,7758.15495178,6998.77686141,13515.4144859,903.087805463
118,118,North Corona,1830.61668692,2593.1997404,782.18357297,1228.584191,859.8281731,914.10275401,2062.1201709,141.364711066,3557.9727896,1638.02721039,1240.28001445,769.08278544,339.18780636,40.441557565,720.88112491,1721.993213,2997.9191672,1173.93378967,1243.40877688,1064.04109655,13.901015866,5229,2503.7543118,1996.57985714,2825.63153281,297.826448053,2619.45365334,2206.71989852,1324.09767943,3158.85921682,320.3158424
119,119,North Riverdale-Fieldston-Riverdale,4372.8905059,6812.0946644,2486.0148293,5070.2768103,2887.9310048,920.94727349,4497.316299,294.52861221,8586.8964679,5047.1035321,2752.5831761,2387.74376292,1362.33541815,239.264548184,2246.8883812,4688.6283288,7571.5718355,2674.4863304,3945.8843594,2572.5798931,26.080942482,13678,6480.08074226,5254.81571021,9045.30203231,1236.09408267,7558.57899111,4513.32692738,4005.12231169,7739.2766005,869.783661605
120,120,North Side-South Side,16160.043483,20316.9522018,6077.00431669,16253.9886437,9951.80650326,4358.2650594,10979.3801057,1010.55968931,26555.6046908,15955.3953088,9384.79432008,7551.09910772,3403.53101993,392.84340602,7634.92926312,11916.2391592,26298.3676962,9217.0086271,8749.82845602,8788.28015222,219.388225919,42667,22464.6773847,17093.6979323,27262.6182936,2473.3859918,18162.9772329,21129.636776,13152.8260335,22955.4043206,3578.23449632
121,121,Norwood,12202.7613173,18732.3056897,6292.93299089,10449.1827951,9960.55157862,2601.20651312,13377.1307014,839.928412743,24087.9832055,13104.0167943,8284.07448836,5725.87980081,2861.80035963,404.126685236,6505.92179368,11756.4165618,21953.0294062,7356.59440848,10223.0583389,6815.15160785,52.65144122,37236,18817.2505222,14355.6741137,20962.9212403,3772.58145386,21798.1318525,10763.2866905,11766.1798577,21333.0999513,2288.64419508
122,122,Oakland Gardens,1292.4603544,2232.6331515,775.90649445,1490.5333516,741.25411708,967.71372909,952.29777278,149.20102964,2989.111767,1304.888233,980.35469081,787.63663492,377.9703623,45.835101973,530.13108063,2053.1114282,1893.9837745,910.87333481,1484.2630786,805.39726306,7.00289675,4309,1785.16408363,1538.73886527,2657.4212098,211.545535458,2184.22782362,1850.22664099,1030.91366713,2585.89052192,208.137839271
123,123,Oakwood-Oakwood Beach,792.97140906,1475.50262789,527.52596301,1779.7109113,253.98294494,243.5395975,471.96863787,46.797908275,2029.6449068,766.35509322,744.46750993,480.86117438,236.5945595,24.270689292,252.73087011,1673.2671539,888.22587171,583.79029051,1206.04575971,480.10190962,3.446148348,2797,963.917283964,888.735101308,1888.6296438,109.137125531,1600.74131147,1071.12156281,753.270335394,1674.19961538,108.596936098
124,124,Ocean Hill,2458.50770736,3428.1930037,1020.29928894,1547.81364434,2893.31255607,562.51895932,1724.37728091,178.977559032,4553.1542713,2344.84572871,1710.44726266,981.73173483,443.76975722,48.830192869,1372.45436981,2005.07732728,4160.8567553,1525.4164625,1438.71423013,1415.22151876,20.141917059,6925,3554.46577032,2665.45955293,3487.03925223,400.873442818,3411.46352824,2869.66302912,2311.11504718,3938.90507209,392.149663227
125,125,Ocean Parkway South,3831.79442092,5746.5807358,2070.62484346,5505.6895797,2384.03547985,1395.15891992,2145.79425318,218.321766523,7891.782631,3740.217369,2832.46828554,1939.22610952,892.62920622,104.436589178,1982.68740155,3775.7184381,6754.1486525,2443.43402356,2654.88751705,2230.74025389,26.789435893,11663,5907.12020762,4234.71801754,5621.26442254,692.283627128,4643.51138764,6106.20498489,3435.47400877,7246.29726668,779.115781144
126,126,Old Astoria,4142.87858923,5939.02378144,1883.09762938,3838.61903861,2769.7896254,1485.81910472,3551.22697793,319.545253141,7647.97169191,4299.02830779,2653.34363615,2104.58380255,972.67262299,122.562111051,2007.17193056,3786.96514736,6996.11341271,2619.08410734,2877.01474226,2431.51865639,32.606864238,12022,6002.73831512,4771.14511162,7396.19636191,736.130079885,5795.93326264,5137.93665771,3392.94998142,6932.87450076,760.298849891
127,127,Old Town-Dongan Hills-South Beach,4243.3845834,7537.0296467,2557.5857695,8541.9447006,1595.1436099,1367.16939819,2576.4207201,257.32157237,10266.5376919,4055.4623081,3796.0491138,2443.0406434,1182.97531625,122.503454301,1508.70352474,8289.6327747,4791.2311964,3141.0105618,5859.1173344,2475.8497135,15.142710008,14358,5103.23606879,4613.71569595,9523.66548891,580.811020548,8585.64554132,5092.54343928,4199.78874864,8418.0309268,549.890262144
128,128,Ozone Park,1351.7227122,2187.8886409,690.38864711,1311.1215928,1013.0266628,603.4651288,1125.6910219,176.69559339,3022.3771424,1206.6228576,1087.288442,648.12930914,285.96817738,30.191754302,540.21653407,1864.7481406,1958.6188448,927.65034242,1318.9848938,826.51731102,7.777614046,4258,1752.69377664,1553.62343621,2339.89684749,212.63665786,2351.96951068,1604.39383114,1020.05553081,2730.87843396,193.776946707
129,129,Park Slope-Gowanus,17694.2493943,25268.9888202,7790.7617832,19861.239866,12937.4651661,5649.35361937,11032.396062,1273.54528509,32133.711388,18576.2886129,11021.0004754,9452.4147474,4793.37643882,586.67327876,8273.2452627,16808.8116471,28864.2268047,11364.9363204,11567.9734526,10917.9354965,214.425830988,50859,24254.1393008,19812.2756949,33765.8012548,2829.35653141,21059.8762433,26012.7672278,14475.7667062,28604.3875932,3519.49907805
130,130,Parkchester,1589.1843348,2393.0243312,746.79133384,1028.06035151,1262.934885,434.81861798,1887.8991337,115.287011756,3092.7787469,1631.2212531,1101.15033223,651.68973384,300.65110399,33.988578546,889.97711425,1345.68912685,2960.5366002,987.79583991,1154.14965441,902.10706093,7.693981524,4737,2531.8641494,1885.02104746,2272.01909639,545.76714699,2822.72477599,1222.50807689,1540.14624823,2782.24147218,255.434988757
131,131,Pelham Bay-Country Club-City Island,2519.96961674,3898.66106426,1309.36931831,2246.03324879,1797.25305497,531.83234751,2994.13098556,158.750362866,5070.3931881,2651.60681125,1813.54653218,1061.80062627,517.57015843,63.742836644,1424.68132169,2411.95821948,4594.56886819,1585.40440448,2158.98747501,1362.56831117,11.051040929,7741,3976.1674969,2885.35933792,3967.81016603,728.74710803,4550.0936587,2244.15923344,2509.7094992,4571.19421606,411.825026028
132,132,Pelham Parkway,5539.95905751,8318.7033659,2668.33757773,4274.59668619,4475.0503861,1402.81557991,5994.81367407,379.723672875,10863.0776872,5644.92231329,3762.34534487,2440.74045577,1144.19786801,157.02725678,3061.33570733,5070.43364321,9930.7456174,3367.00797441,4190.3725491,3095.32514488,28.942028854,16532,8495.66322936,6270.64732051,8572.29056333,1586.86236146,9340.29093176,5086.84670813,5426.36133777,9421.0647004,976.753751486
133,133,Pomonok-Flushing Heights-Hillcrest,5639.6829938,9169.2680203,3090.0489865,6267.574074,4122.51689061,2854.1448577,4057.8456463,596.91853011,12284.8356888,5581.1643115,4116.0347626,3140.5500875,1539.90690198,184.733196824,2258.15595883,8142.2536639,8128.740239,3745.3518055,5867.5847104,3457.2048346,32.425196717,17917,7487.64720135,6529.2759588,11304.9308734,1059.46008882,9488.23928554,7082.30062551,4542.16947538,10645.6526086,926.517441589
134,134,Port Richmond,1529.439827,2583.3045695,816.2556029,2470.8507704,755.60122802,491.77952696,1110.3862123,100.38226206,3514.8844666,1409.1155334,1295.5201281,791.89837787,379.8894264,41.429143397,646.25004078,2594.7107329,1845.16023,997.7769862,2009.7788727,849.19506417,7.130816329,4942,1898.0414935,1609.05458265,3059.8781613,236.404246984,3093.86854453,1553.72720936,1536.70415294,2829.14901427,216.033054891
135,135,Prospect Heights,1937.7427386,2637.4224398,788.8348216,1922.4907742,1603.5533668,581.40255481,1118.43925428,138.11404987,3227.5942382,2126.405762,1115.51706664,1033.01434602,525.72313263,63.881181379,925.82661747,1580.3659403,3225.2891903,1218.4975138,1076.54113856,1201.3749919,29.946187141,5396,2706.90485715,2217.97374014,3752.4850845,287.298288816,2102.42182128,2860.27988982,1539.43501194,2973.60755804,389.51803438
136,136,Prospect Lefferts Gardens-Wingate,9144.63669387,13514.1138209,4304.24948595,7468.5164302,10802.8260029,2563.98922424,5483.74104389,643.927299994,17706.751069,9226.24893124,6525.23037056,4289.42080677,2004.84550266,219.288887715,4527.09529036,8989.00169934,15251.6257103,5983.54207252,6374.88596709,5541.20038349,70.76281407,27023,13299.3552608,10630.027815,15068.6509317,1543.08878988,13306.791773,11637.1194371,8027.06975623,16105.5258654,1539.46197358
137,137,Queens Village,2461.32703727,4084.25923694,1295.41372586,2094.14358973,2430.77990064,1121.45617901,1843.07681729,351.543513003,5689.3330682,2132.66693217,1964.21972501,1213.44869005,552.363009154,55.924010152,889.338553503,3800.20653717,3342.03243824,1646.96143064,2743.84562409,1489.77339251,11.365004949,7882,3064.9301325,2757.8413261,4493.25855866,401.063812801,4792.23230564,2559.7038809,1896.95175059,4849.5002612,335.862225976
138,138,Queensboro Hill,3463.8399053,5858.1564687,2011.00362608,3861.800437,1896.44851914,2772.2287692,2390.08424578,412.438028565,7998.0752564,3325.9247437,2602.85618722,2058.74235665,977.15848322,112.63539626,1219.45908467,5593.3727185,4756.6828452,2368.52447137,3959.7484487,2138.1143546,17.420793481,11351,4410.26816972,4113.35559802,7081.66578118,549.71727471,5865.8975845,4835.38514134,2443.00756455,7049.37516415,565.575900717
139,139,Queensbridge-Ravenswood-Long Island City,13715.880599,20519.1933232,6586.9260789,14888.0659141,8275.0310089,5423.34103295,11080.8038576,1154.75818482,26371.3344127,14401.6655873,9122.8522584,7358.9407553,3487.0674319,428.145090119,6254.28756089,14693.6072554,22140.0585519,8571.3364401,11249.3624774,8250.77409112,110.310826797,40913,19505.1423377,16074.0809193,26364.855032,2526.88038658,20625.3338244,16913.7857889,11091.2599993,23807.5187213,2588.29940291
140,140,Rego Park,5759.96455499,8917.0248902,2983.0105553,6200.8913999,3515.71383063,2754.46687015,4702.00610495,486.921794112,11707.3805496,5925.61945054,4101.04680506,3017.96653131,1370.45374034,161.045491662,2764.19592821,6368.2928972,9611.9723428,3729.20313475,4668.56733895,3494.78799962,38.893128357,17679,8564.99002062,6820.02086164,10043.0114021,1094.36074233,9291.11409214,6970.52516448,4956.01566541,10629.9227919,1056.25049636
141,141,Richmond Hill,7592.98016368,12218.3437016,3823.67613369,7064.5265386,5721.10911017,3656.12081274,6024.08133354,1169.16220507,16911.6909919,6695.30900811,5894.84355687,3704.36151115,1666.08656718,173.802318903,2951.64633248,10500.8410529,10960.1848333,5033.91232641,7521.82982105,4575.27985013,39.055165068,23700,9753.45841838,8511.69967584,13209.8405699,1227.18676357,13709.8656372,8425.94759897,5821.58002042,14957.2169664,1125.39612371
142,142,Ridgewood,5812.99422654,8595.25140784,2637.75436592,6092.97337074,3209.36768302,2130.96767911,5189.32981487,423.361452511,11449.7983683,5574.20163256,4164.06449972,2704.42530603,1203.80044433,130.39333297,2607.01377108,5951.09103655,9376.2731523,3732.5874518,4408.07144559,3444.46143534,52.279413207,17142,7904.60291234,6483.48442929,9830.52164615,936.379533624,8442.27432111,7425.3461448,4461.74206702,10607.8227475,1001.70086868
143,143,Rosedale,1486.66868736,2474.95885254,801.372460237,1494.14905275,1398.97313537,638.478710892,1055.87281749,175.526283228,3413.29350973,1337.70649042,1177.35626676,750.486249583,356.971037884,36.158687076,572.249857691,2321.11884933,2011.76586567,963.210075888,1732.00002807,904.537467016,7.283624358,4782,1855.5743895,1688.8028802,2791.27241322,256.988289851,2886.14249445,1571.86921609,1160.83898702,2890.66457407,210.318455195
144,144,Rossville-Woodrow,604.35634051,1125.2064988,349.43716068,1365.9513484,153.98989925,179.1508706,347.60626668,32.301615252,1555.6464293,521.35357075,559.59848481,350.89179132,173.73036663,17.380360614,189.90681926,1322.5112649,593.80692641,451.66674899,935.2890061,349.52508163,1.996602204,2082,644.563146498,610.920585905,1404.73812729,77.674104917,1148.47739947,844.84849577,578.335669324,1190.05525898,72.908799384
145,145,Rugby-Remsen Village,4369.28572508,6784.17572071,2122.53855529,3092.57176858,6679.53611997,1038.33947838,2161.31495175,304.237680432,9044.3509173,4214.64908271,3424.77536924,1981.16007272,916.548100487,91.656353003,2078.88272616,4820.97086931,7137.86841024,3040.86023396,3368.07074198,2732.94278959,26.552713016,13300,6183.0858566,5115.86087487,6945.22276022,700.337596416,7131.28695479,5299.37544846,3765.99301136,8313.1029857,644.871823591
146,146,Schuylerville-Throgs Neck-Edgewater Park,2686.8866903,4149.44980554,1424.66350423,2635.84626148,1761.18619665,681.00594428,2999.44712822,183.514469474,5531.71240022,2698.28759975,1967.64123886,1173.71192382,568.78141854,71.416828896,1328.38905766,2963.90141227,4495.56190383,1668.04668013,2465.86948267,1476.94392811,12.492220492,8277,3887.58845019,2982.47490123,4503.1193384,689.874722432,4827.77971832,2534.34555907,2481.9455236,4871.88937111,423.424230729
147,147,Seagate-Coney Island,3111.18421306,4960.66604138,1744.14974543,3665.84878261,2928.29758269,1028.96461323,1984.99506341,207.893957624,6641.23940826,3159.76059124,2470.76620897,1555.18379941,689.473253067,70.604491624,1873.63056673,3529.00155415,5313.55135383,2084.32915759,2549.09127706,1854.45915183,18.113268239,9837,4808.9624955,3594.01259748,4907.9249746,637.780290707,4977.03621307,3979.18349606,3339.9125887,5648.17260783,509.057176074
148,148,Sheepshead Bay-Gerritsen Beach-Manhattan Beach,7175.53230334,12038.4557077,4525.01198898,11903.5126487,4543.86979206,3106.14780589,3731.20186814,454.2678828,15839.664556,7869.33544469,5821.46691605,4383.95703013,1916.98801985,217.554697585,3971.14925672,9136.56101452,12293.8329375,4994.68228587,6222.92854788,4598.32320962,47.59808312,23802,11594.0607721,8718.20781703,12739.1404028,1420.99344997,10593.9623547,11434.0441953,7253.5831812,14373.4535237,1383.45265317
149,149,SoHo-TriBeCa-Civic Center-Little Italy,153720.375148,221853.386944,71655.237917,187757.223533,85669.040993,55253.177694,107001.606389,11547.9513936,271418.659606,175550.340403,89934.090961,91155.871978,46026.239204,6265.8564173,74629.014118,154826.494761,246206.7715,94041.344297,114210.707892,92506.127474,1614.27354329,447628,216735.179063,178625.35312,357125.423606,27602.1553965,200055.940413,209783.904202,127728.502685,233601.672785,35822.6402625
150,150,Soundview-Bruckner,1685.84846364,2447.44883622,762.7027,991.409101072,1233.7712196,461.291363228,2079.36652353,130.161792456,3282.21010282,1601.78989699,1138.26491556,641.601117691,280.07877109,32.595560678,961.78023887,1360.11519554,3061.25151471,1002.29996799,1143.95172172,903.58752498,9.046250128,4917,2605.98587355,1791.86100801,2195.43859046,446.990183017,2866.49896732,1414.51084986,1736.13027471,2731.03528937,263.971009116
151,151,Soundview-Castle Hill-Clason Point-Harding Park,4413.49854717,6611.73099134,2081.77046154,3302.27617543,3267.53691822,972.9993969,5274.8950386,289.292470637,8784.44157136,4301.55842909,3074.48119849,1782.53583795,813.656443946,95.635153658,2506.55703154,4004.33099433,7897.82434938,2551.17931409,3476.23580553,2386.91208518,20.417522151,13133,6870.11032981,4725.58021762,6250.11440367,1190.16159932,7745.81142571,3695.02697541,4811.6074911,7056.71053481,706.293549714
152,152,South Jamaica,945.698421196,1487.86487688,467.436701773,682.01252855,1012.36015534,371.050783988,714.559324469,121.017207607,2071.62887693,828.371123094,723.904733725,428.72051829,191.958016341,21.108079481,377.113331626,1266.76578905,1360.84326759,631.063848325,895.25704619,565.307780116,4.660805223,2926,1213.84784976,1048.37243294,1581.28590592,168.214065012,1733.22505993,974.56087495,787.214028828,1739.74239166,135.296756101
153,153,South Ozone Park,4661.86005685,7270.43968721,2158.70025557,3246.69986999,3836.35231373,2299.88029172,3728.74851359,979.319010761,10173.6546726,3906.34532812,3658.67008029,2018.73028069,837.346714299,83.79077281,1836.11297088,5944.02423808,6841.35065786,3155.83055623,4033.747542,2775.18310073,25.076749419,14140,6090.49788318,5145.84644272,7330.36789721,737.672005869,8247.9215582,4935.40643633,3591.55323834,9078.83151361,664.295432876
154,154,Springfield Gardens North,1069.6587629,1759.4561989,564.88503829,976.6160067,1048.7817666,465.21191373,766.08262072,137.30769224,2442.1919902,948.8080093,840.694853,539.86860052,246.28714102,25.990292152,409.10305443,1630.6093813,1459.8124563,711.9491229,1172.2885504,654.43900132,5.592980952,3400,1358.17841506,1218.30458754,1969.08148961,194.047651888,2033.59157588,1143.36077239,840.66425972,2079.69405413,156.236823321
155,155,Springfield Gardens South-Brookville,5069.40959752,8192.58209028,2634.00831093,4496.58304781,4581.77900672,2389.32877841,3800.35860923,627.950556626,11310.8401683,4554.15983166,3957.82521107,2462.98594704,1132.85712985,118.791514767,1986.11260925,7143.28514751,7303.0315049,3329.30326946,5144.56213699,3056.97661532,26.713526177,15937,6592.72162618,5751.0672518,8900.97697311,879.850878191,9247.61633375,5557.53278798,4111.05416925,9752.0007411,752.283023472
156,156,Spuyten Duyvil-Kingsbridge,4482.3825077,6587.864121,2160.75337194,3393.1469937,3098.5468021,825.98137298,5634.2202052,279.10462501,8588.1760086,4631.8239915,2917.0659518,1895.05386351,944.05133208,142.641740474,2551.54949423,3474.9130544,8506.1661476,2642.6062958,3104.9849786,2445.88833579,22.161823877,13242,7154.90411187,4972.4320132,6561.20553972,1459.1818419,7577.36789755,3640.45026041,4583.30209367,7481.42969911,802.972714999
157,157,St. Albans,2035.7624041,3284.09689633,1048.14069981,1624.82612322,2361.93547255,752.929406841,1393.62151645,234.687481153,4550.97550216,1808.02449813,1576.24658312,962.983742232,450.086126614,46.767668442,783.051286507,2961.46601146,2825.3561846,1337.20998413,2154.63874765,1204.59025728,10.03242024,6381,2576.54103657,2264.57095439,3619.17659108,363.01773618,3930.21505401,1988.76721016,1726.72487623,3818.87985223,292.643726344
158,158,Stapleton-Rosebank,2234.63249149,3681.48622406,1180.88128459,3404.40058898,1267.28462992,705.185598577,1570.79722689,149.331955734,4993.27093289,2088.72906786,1801.02981028,1164.47198969,550.421396574,60.069336875,946.330620406,3559.58081008,2838.48151423,1534.55006679,2632.63982723,1248.61758567,10.583316065,7109,2776.44663541,2349.4651781,4395.70773974,305.013464757,4418.12159858,2310.86493722,2255.60918556,4020.75971509,300.89206575
159,159,Starrett City,1003.82658317,1536.44098162,514.73243502,880.91568363,1125.24130488,273.21561126,700.41712335,75.21027654,2072.0860188,976.9139817,772.96947657,438.41020536,212.19637399,21.280013304,545.96912093,1052.82149511,1714.1080205,654.28942453,769.72932213,590.29257851,6.722853077,3059,1466.6596868,1148.68939408,1514.06637272,185.253912061,1520.37927699,1241.36681068,1001.50537843,1753.55538282,155.149523171
160,160,Steinway,6123.54093047,9007.45571338,2914.00335751,7215.4313369,2833.33635844,2573.42832946,4905.93135262,516.872622314,11638.0180146,6383.98198517,4018.66516809,3357.64756318,1583.15075967,189.103705229,2565.83723282,6793.41572556,9449.89778769,3839.13405813,5215.41096699,3656.88004238,50.480437768,18129,8298.6987396,7348.18540769,11864.3783639,1079.94830205,8602.11608451,8108.93561446,4469.81082228,10822.5198456,1086.69534457
161,161,Stuyvesant Heights,2430.58773745,3273.44740654,960.96485645,1548.86920212,2768.90841745,565.409761168,1614.97617909,166.836439829,4219.32169858,2442.67830137,1581.44004855,1034.44307296,465.836106038,52.478320613,1324.53372832,1823.62416888,4108.71583831,1500.80314934,1307.95101727,1411.24600355,25.592776574,6697,3532.51479638,2653.32989276,3754.9209933,362.019674311,2991.6042604,3151.37606551,2204.4704852,3722.32429722,416.227986267
162,162,Stuyvesant Town-Cooper Village,926.1299827,1317.6976306,430.1723867,976.4818063,495.7146261,353.9131207,778.9612707,68.92917612,1678.2160055,993.7839947,579.5394448,476.3822618,227.56414851,29.953353908,469.3060459,837.2564253,1595.0947745,566.2470257,646.6695803,527.2910627,10.061429086,2696,1362.51403531,1051.13799852,1813.77424787,169.55721925,1283.8554168,1001.58736406,750.41361022,1534.7042906,199.53427588
163,163,Sunset Park East,6591.3287402,9826.2935819,3132.37767882,7762.3391689,2291.84199048,5312.25208854,3825.63295286,357.933799096,13787.9454008,5755.0545987,4538.11595459,2943.33394795,1291.61369277,147.751910823,2751.89218477,6556.9451129,11103.5562605,4051.91612454,4435.9031173,3744.71596928,59.015888959,19597,9737.0870863,6940.83542066,9550.40093464,1133.02171344,6883.31136551,11350.6669237,5913.47428465,11898.1044433,1548.12566521
164,164,Sunset Park West,17577.909918,25802.7927733,8310.29730819,20502.7799497,10173.682588,7491.6972235,12438.8479631,1083.99227404,34648.7164721,16958.2835323,12169.8019667,8410.03950777,3910.30886893,448.078986915,8050.10301794,17807.7302873,28776.0363186,11022.6139944,12546.4359321,10221.3423421,160.737209157,51786,25283.5487616,19211.2737223,28617.8280596,3096.67916154,21788.5573625,26027.763478,15483.8867968,30756.9031137,3496.77051434
165,165,Todt Hill-Emerson Hill-Heartland Village-Lighthouse Hill,4953.38372984,8563.1136557,2855.50261388,8666.1802016,2450.97687625,1592.10742736,3352.42612383,310.309372281,11588.7700633,4767.22993674,4232.21976711,2689.54060823,1313.84599277,141.553448831,2014.60312645,8671.8219164,6260.01413916,3393.12852253,6477.7351329,2868.11614079,22.429527778,16381,6350.84139388,5472.5456146,10330.8035683,891.054315455,9574.71109259,5737.23459244,4969.9485137,9383.31284639,696.41529228
166,166,Turtle Bay-East Midtown,96632.5214243,139563.739695,46832.7388732,138397.80076,41022.5051344,34563.8385178,61695.5843285,7349.27125357,163106.308476,119724.691527,50136.3998554,66421.4201653,35083.5684488,5326.37711528,43871.4685803,102651.197033,148691.806685,57305.8867091,77408.9712317,59894.6979048,963.320446485,283294,130294.147611,115896.654004,278370.966939,15490.7882684,121460.981661,140501.23007,68322.778424,142435.34112,27609.0055055
167,167,University Heights-Morris Heights,2357.75908345,3283.95844295,953.28247366,1127.62180285,1773.92153677,417.78534892,3139.18465729,136.48665442,4323.17980545,2255.82019487,1518.99009321,796.843457555,355.148680634,45.834405504,1523.04177445,1366.92525105,4602.66784877,1319.67506013,1292.29304925,1209.58513911,9.554562396,6599,3884.08929794,2375.41010952,2610.77448146,729.263299559,3673.97069758,1800.7660032,2581.96870092,3540.68108839,395.320675286
168,168,Upper East Side-Carnegie Hill,39100.3993375,56030.81039,19029.7902763,50590.3729325,17195.583769,13422.7256164,30065.6814616,2886.63621894,66510.105052,47544.8949435,21200.9132074,24825.6574445,12871.7217816,2013.94032713,19010.547497,36707.3419989,64567.274818,23908.7481686,27188.3814369,24350.5904478,392.74577266,114342,55632.6246506,46839.3198762,98574.2522462,6921.87601439,49247.419564,55407.7044222,29998.069751,59557.8252142,10250.0054051
169,169,Upper West Side,21957.7801723,31087.0567214,10021.1631076,23541.2740845,12061.133474,6596.1780149,19294.9101016,1572.50432342,37030.499963,25957.5000378,12004.0785685,12400.51642,6644.5610582,1071.11813131,11991.2545047,17494.9293249,38818.264553,13425.3256742,13216.2772569,13391.5320549,208.049734012,63199,33198.1431293,25638.4491435,47762.977008,4514.2936651,27717.1888948,29027.5174403,19271.2965459,32448.6784253,5092.85468724
170,170,Van Cortlandt Village,2343.25884992,3410.82398979,1052.91716018,1549.69112185,1668.05818571,480.969932873,2958.83342094,149.447338225,4482.23707668,2309.76292352,1548.79153813,939.29930143,445.59796551,55.98517574,1298.08084744,1824.75515212,4342.70404332,1378.91690719,1600.67664854,1278.73583288,11.536580798,6810,3648.94735796,2574.78331791,3190.28173985,727.311314695,4016.20588105,1812.48280458,2302.45136922,3927.61270652,394.592891816
171,171,Van Nest-Morris Park-Westchester Square,12978.495614,19269.1787311,6345.3256541,11252.9040103,9222.37113902,3068.5361339,14180.0250932,869.163623477,25146.6050017,13414.3949983,8595.18403543,5757.84431771,2875.05266761,462.733273139,7066.51119744,11784.2413544,23162.6808233,7582.73936659,10126.4257998,7072.47291354,63.155418936,38617,19806.5124797,14623.1578031,20804.5389112,3811.55160745,21769.6759109,11857.7724817,12721.2266776,21777.7877332,2494.5142942
172,172,Washington Heights North,6063.99070029,8573.12405519,2772.88524469,5336.50748156,3227.53080956,1297.72198899,7170.81184253,377.42787622,10782.7316031,6603.26839707,3442.41714852,2943.14748241,1514.13582949,275.199158399,3330.09551866,4421.91087851,11349.0715911,3486.36050117,3806.48710976,3387.95515094,38.593961797,17435,9298.99625481,6881.17121507,10435.1640554,1748.33389448,8679.98898489,6085.67712165,5609.82950364,9615.81010629,1344.06731734
173,173,Washington Heights South,10678.5326007,15305.8542436,5008.61315684,10208.4492363,5949.08445838,3039.71764255,11085.3516532,710.397008663,19087.8098067,11877.1901928,6212.38553266,5552.62149521,2769.2730246,450.562471398,5731.23466857,8793.85816327,19130.1543044,6181.87703371,7277.24865901,6120.57723234,77.765035611,31045,16194.0719913,12271.4677741,20379.869185,2886.18141511,15054.1766876,12124.641899,9773.28607223,16573.8963606,2401.78718468
174,174,West Brighton,865.64103995,1449.8902918,629.46866807,1587.6012358,494.34583273,345.16378309,463.06705007,54.822098165,1893.3231844,1050.6768156,706.1526927,566.29533475,246.49554197,29.139135984,586.43589221,1069.9309184,1591.8071674,613.64653044,720.33025481,564.76015105,6.747896669,2953,1572.66006029,1099.05113464,1575.12671633,235.26854805,1382.10219297,1308.6292586,1039.34986517,1643.33393014,177.724460015
175,175,West Concourse,4044.8298322,5697.931211,1704.23895668,2700.88948913,2869.40472078,889.44732258,4739.9937641,247.264702603,7385.5800609,4043.4199391,2544.21943588,1617.79344351,734.7714268,98.28779118,2415.63446026,2745.9771531,7600.1033236,2316.03114762,2443.25231016,2172.13215982,23.190578879,11465,6450.47685915,4322.583528,5550.32668291,1061.56335174,6164.46428855,3488.97236004,4146.97483361,6164.27730653,734.52467142
176,176,West Farms-Bronx River,2122.08445394,3037.9255734,934.98997345,1448.62908065,1636.65406301,482.355163503,2382.22648995,145.135202677,3993.56706883,2091.43293137,1387.8382602,852.261427671,399.440318342,50.881887503,1252.89991861,1648.46490452,3849.59481396,1260.70101282,1375.32855189,1153.10824343,12.563599421,6107,3289.6742933,2251.2928151,2965.69451484,605.835683988,3345.77114394,1937.3931722,2168.44094124,3360.60827522,361.245689599
177,177,West New Brighton-New Brighton-St. George,3011.05561648,4999.28301844,1587.66136459,4564.89178916,1815.61200478,910.979199943,2096.04095161,210.476054425,6691.95258698,2893.04741334,2449.39682157,1587.20707296,760.49044769,81.285787869,1309.20750969,4741.53480042,3890.15968065,2098.68418792,3535.61015845,1688.28617423,16.048342303,9612,3787.1762562,3250.11095686,6040.53609678,413.114620063,5823.48451143,3273.40086828,2965.30869548,5563.29964107,418.827671594
178,178,West Village,47194.1138887,63068.715394,19813.170719,57285.3621153,21928.6228373,15561.7202198,31801.5875373,3498.70728654,73470.389185,56502.610815,23604.4754984,28915.5908628,14673.3909169,2407.64098737,23030.1961253,39744.5966147,76259.005204,27640.0520199,29052.0088405,28095.0654327,617.285008904,130297,66712.2446835,56165.2180395,120743.951899,7561.8109762,53179.4602134,66408.7288165,35245.8128547,65654.9622308,12495.2187536
179,179,Westchester-Unionport,4503.65963485,6587.0509482,2039.28941704,3028.18063374,3288.1978414,1093.15500729,5423.9496264,296.516891039,8717.3643029,4393.63569661,3055.25761865,1760.95747042,804.94166704,99.625529284,2561.02743489,3658.70410197,8223.9407821,2634.09898959,3206.86518334,2425.04881902,22.752504167,13153,7013.65398203,4864.00893897,6160.76209722,1284.82705511,7652.08977461,3720.08317105,4601.43278668,7361.62833753,743.239514005
180,180,Westerleigh,1869.45158132,3449.33852668,1185.20989178,3967.18204252,617.8523239,644.95572124,1151.18238727,122.827525298,4705.88591262,1797.11408748,1727.92186295,1126.41942757,555.21060996,58.309895189,644.45212931,3940.51925201,2020.82357217,1442.87771694,2797.85659778,1110.83512119,6.445015645,6517,2143.91519413,2043.8684983,4448.94935,237.465538471,3849.17911651,2396.35534531,1832.45282906,3844.73950532,236.310939488
181,181,Whitestone,4613.97447215,7600.6477731,2600.37775504,5352.25009348,2433.984921,2599.96801818,4014.63138362,414.165584039,10297.0293826,4495.97061708,3524.96703142,2474.68028281,1146.00165175,131.026705215,1858.57935176,6595.4403493,6871.21581988,3048.25418216,5018.3782398,2741.24554593,23.441259851,14864,6294.37234736,5360.53885628,8677.80345735,853.204612805,7602.32758159,6145.46780472,3558.82708907,8993.3686217,741.723188766
182,182,Williamsbridge-Olinville,3194.15837357,4805.72458715,1534.11703941,2147.15327095,3004.15533391,615.733554802,3556.99399954,209.963840428,6363.09530659,3154.90469343,2227.95334004,1316.60586224,604.255559565,73.459300994,1786.85470043,2810.96604881,5820.53324111,1909.85653577,2435.66476398,1732.32642844,13.499673185,9541,4975.15857901,3522.36718589,4530.43272916,947.744121766,5719.70116637,2544.55471202,3232.91028584,5441.80910174,528.625534255
183,183,Williamsburg,7350.3133412,7950.6424458,2376.04421247,10263.3590353,2832.50631802,1024.58528215,3291.42879704,265.120570832,12667.3403871,4983.6596127,4679.1300108,2132.89867276,947.98600861,121.506826462,3108.56292182,4280.4707352,11621.1712586,3009.86512141,3276.18811004,2817.27157304,91.222294672,17719,10184.3783392,5722.57645056,7223.90569087,1064.83285076,6868.01203462,9573.15511547,6281.4886556,9090.56929027,2594.80860081
184,184,Windsor Terrace,2112.39165447,3040.8842288,937.72411666,2420.0727688,1375.14406873,677.80185937,1476.19002362,141.791279264,3887.459328,2197.5406724,1353.49513871,1084.9217579,543.15451515,66.545011203,1024.32015943,1932.2527774,3556.2568357,1355.14901216,1323.77958102,1285.27185326,24.087530539,6119,3068.56178313,2349.3121935,3783.04984825,367.17808877,2504.81740889,3081.00450266,1782.87610684,3468.12389025,435.343073284
185,185,Woodhaven,4493.48061158,6839.13435565,2024.3850319,3136.8081318,3523.52844202,1750.12971397,4429.66632838,516.867383454,9504.99209876,3826.00790126,3399.66183083,1845.19956768,785.267036858,77.546308746,2025.18051762,5060.85990866,6997.66458135,2944.71345936,3580.0193638,2616.88569558,24.401587733,13391,5975.57273341,4841.95618817,6608.64380842,800.2728158,7763.87610223,4526.85108216,3691.78229013,8425.19562698,644.785232999
186,186,Woodlawn-Wakefield,2216.20381315,3409.81853806,1084.97764926,1944.78555603,1821.4996164,456.071602665,2342.58214879,146.061075769,4460.13142189,2230.86857814,1588.96763021,987.371518269,469.899299815,57.056937854,1145.4730479,2229.55859842,3830.53558211,1334.54886631,1932.40691457,1225.75985877,10.628870902,6722,3329.2527103,2483.85960762,3591.39128779,583.131017737,4028.34079668,1911.52818593,2127.32424273,3898.78476667,382.744646989
187,187,Woodside,6420.82090516,9631.16722519,3018.01187042,5812.37578414,4116.30292245,2940.81461214,5644.31891306,556.187767542,12567.3014827,6454.69851784,4372.88796489,3221.4016062,1470.33874897,175.236475,2971.02720223,6771.874468,10418.5876241,4114.53226624,5027.79909631,3812.69958854,46.750458721,19178,9106.90784419,7414.57266151,11331.8155987,1196.44942566,9782.80891299,7666.7416619,5234.71627695,11287.3123303,1118.11507471
188,188,Yorkville,11395.8954274,15933.2831284,5180.8214458,12045.2985501,6200.5367618,3676.0218729,9783.7731077,804.36970723,19345.2835891,13133.7164113,6415.8988681,6426.638081,3175.5379873,467.69642197,5897.1899582,9207.8403329,19913.9078887,6981.8032603,6991.0920221,6857.9466631,96.553533234,32568,16765.1362017,13193.521565,24348.568991,2277.4236273,14619.8762442,14558.7001282,9597.30485974,17141.1195604,2607.00380612
189,189,park-cemetery-etc-Bronx,736.513998674,1128.19844027,380.287561261,785.273246159,449.320694255,180.957970295,779.292089868,50.155999414,1431.01026974,811.989730259,488.731452992,365.127172776,190.306191106,27.5150545,395.419168996,758.595180816,1272.01341803,437.971676752,653.986961988,417.20940859,4.21597532,2252,1112.28779537,864.814627397,1344.69556645,203.903034136,1312.69013027,686.406835638,674.120493545,1293.96923501,139.851298824
190,190,park-cemetery-etc-Brooklyn,3222.58672403,4444.41295689,1371.00031879,3257.0326286,2187.54854166,1015.71338991,2360.83291299,216.872526453,5996.56378704,3029.43621257,2154.53127256,1410.61446368,642.163515543,75.536008539,1607.40982658,2828.755761,5288.84114365,1880.13432779,2096.65674272,1762.88223655,33.853493762,9067,4604.81009196,3387.57669274,4973.29624588,599.741851897,4176.79869915,4042.45944846,2880.26820523,5066.03940153,658.904539092
191,191,park-cemetery-etc-Manhattan,3867.79083731,5678.56871073,1850.64045279,4491.84629233,2386.49577381,1139.79620498,3083.69439602,295.167332419,6971.51697883,4404.48302114,2343.78933153,2184.38710444,1123.48960421,163.986368087,1941.40378861,3883.44352204,6320.17070233,2297.52751556,3037.79689229,2324.04522212,34.139903149,11431,5669.48921889,4570.86735839,8425.33793586,848.73080712,5550.52487888,4728.74431353,3409.76164803,5971.9227156,852.401833008
192,192,park-cemetery-etc-Queens,2779.15366028,4266.80267708,1373.04366286,2908.43532143,1612.35056095,1236.84775014,2417.7808365,243.585530392,5658.7349443,2750.2650557,1952.31339153,1422.91948836,669.666353098,78.591205559,1214.70559873,3323.20578098,4303.82401584,1772.3697277,2469.48502331,1656.28744041,20.619741512,8477,3836.95028794,3208.09031259,5189.2028023,475.176656252,4347.14156793,3447.68177617,2161.05413557,4997.19799799,496.844726166
193,193,park-cemetery-etc-Staten Island,1.577497431,3.312538908,1.109963658,4.416830876,0.423804827,0.27451434,0.847870211,0.036979745,4.373892816,1.626107184,1.79406313,1.100442139,0.702017506,0.045079893,0.28126377,4.114623376,1.372580309,1.334642251,2.893452151,0.960875033,0.0,6,1.649649799,1.595033555,5.018513145,0.142479701,3.228559675,2.628960621,1.129679741,4.422808743,0.188581287
