,Population under 18,population between 18 and 34,population between 35 to 64,population 65 and over,Population white,population black,Population asian,population hispanic,population other race,family households,nonfamily households,population education high school or less,population education bachelors,population education masters,population education phd,owner  occupied units,renter occupied units,transportation car,number of cars,transportation public,tranportation motorcycle,household income less than 40,household income from 40 to 75,household income 75 and above,house value less than 100,house value for 100 to 500,house value 500 or more,rent less than 1000,rent bewteen 1000 and 2000,rent 2000 or more,Transportation Other means,population between 18 and 34_n,population between 35 to 64_n,population 65 and over_n,Population white_n,population black_n,Population asian_n,population hispanic_n,population other _n,family households_n,nonfamily households_n,population education high school and less_n,population education bachelors_n,population education masters_n,population education phd_n,household income less than 10_n,owner  occupied units_n,renter occupied units_n,transportation car_n,transportation public_n,tranportation motorcycle_n,household income less than 10_n,household income form 10 to 40_n,household income form 40 to 75_n,household income 75 and above_n,house value less than 100_n,house value for 100 to 500_n,house value 500 or more_n,rent less than 1000_n,rent bewteen 1000 and 2000_n,rent 2000 or more_n,Transportation Other means_n
APPLIANCE,0.00099062281330723713,0.0011021990179219724,0.0014894959210128703,0.0024243906337396825,0.00019252972579013495,0.00021097334905419564,0.00039561324722060435,0.00022951874219291884,0.0015922932694058113,,,,,,,0.00091093545610398063,0.00043048227081274055,0.001116629257068145,,0.00062539147229405618,0.18128401041465547,0.0022612235901534276,0.0038354542968134864,0.00085725774900441117,,,,0.00099878545046779618,0.00081931978020886951,0.00092815367375409779,0.0017129447755930474,,,,,,,,,,,,,,,,,,,,,,,,,,,,,,,
Air Quality,0.00067452800742070747,0.00075050170191203434,0.001014217219879912,0.0016507992360142304,0.00018581086318450305,0.00020361084469323101,0.00038180721782885956,0.00022150904453255513,0.0015367257477615333,0.0004830335480558899,0.00040857126500478606,0.00052209363866561438,0.0013299292428177248,0.0027833086041914356,0.0075547822872556198,0.00071422912416099077,0.00033752443511686318,0.00063127133816537871,,0.0003535566609000216,0.10248647804815852,0.0014602883106442938,0.002476919619995268,0.00055361330720746747,0.0074401914565920381,0.0012829987194855606,0.00099260252335081883,0.00064496907880319662,0.00052907851595059919,0.00059935837037734807,0.00096839029950835862,0.0028185611196402645,0.0045949241952163156,0.010457736298949742,0.00071415318319627535,0.0010029652245125587,0.0027137379717462368,0.0014526792942365198,0.021484562131289929,0.00047028771162037038,0.0006783231282789235,0.0015826104684405137,0.011498671372933108,0.0252804741158601,0.047174334698976333,0.008036533780463024,0.00076319822085499063,0.00049357438616865271,0.0019350726675157553,0.0039023502740554291,0.1013858199964925,0.008036533780463024,0.0049307999118193557,0.004920117620987873,0.00057687217527113981,0.0073161522567021069,0.0010091455578411538,0.00050380971846531906,0.002245257945913016,0.001266580465944982,0.00067230989500887577,0.0029249761537798909
Animal Abuse,0.00053616941016223292,0.00059655944662494968,0.00080618186728638724,0.0013121887348377615,0.00012576246202796262,0.00013781003266094029,0.00025841877547560263,0.00014992408045709526,0.0010401028776684076,0.00047603812802297463,0.00040265422751620727,0.00050756438543867355,0.0012929188728155194,0.0027058523922705688,0.0073445415626099686,0.00055555615822105021,0.00026254008991796318,0.00061666714903979656,,0.00034537728060786508,0.10011549774580555,0.0013889826079674116,0.002355971932685498,0.00052658043596282662,,,,0.00067492694944669624,0.00055365343940354055,0.00062719769030595792,0.00094598700915384892,,,,,,,,,,,,,,,,,,,,,,,,,,,,,,,
Asbestos,0.00021491837605046565,0.00023912514413570269,0.00032315028503042864,0.00052597829457990861,,,,,,0.00015236430966935818,0.00012887651177385245,0.00017109605143943266,0.00043583301018858722,0.00091212203491250346,0.002475788485256513,0.00019649727960741406,9.2859043488883732e-05,0.00021005595767537537,,0.00011764621408869637,0.034102443741145211,0.00048057181956933059,0.00081513887362620315,0.00018219070333111344,,,,0.00022539068490765477,0.00018489160643376886,0.00020945158154737995,0.00032223251630265144,,,,,,,,,,,0.00054198976001008914,0.0039379002364315196,0.0086576945952454402,0.016155590306013975,,0.00024836946477034343,0.00016062512040414104,0.00066620863287249069,0.0013435048123570737,0.03490520519791783,,,,,,,,,,,0.0010070135335516909
Bike/Roller/Skate Chronic,6.6409520118362409e-05,7.3889382388397473e-05,9.9853050024645865e-05,0.00016252666141272339,,,,,,4.5418591058255776e-05,3.8417064980462805e-05,5.2958195992802144e-05,0.0001349004245248213,0.00028232292380721253,0.00076631395485681733,,,5.9890967752725684e-05,,3.3543183883912112e-05,0.0097232584164381481,0.00014579337602029844,0.00024729258660619941,5.5272066809825937e-05,,,,6.0148066335051507e-05,4.9340426882011204e-05,5.5894535419930306e-05,9.1874648338165742e-05,,,,,,,,,,,,,,,,7.3793647111087646e-05,4.772371460090398e-05,,,,,,,,,,,,,,
Blocked Driveway,0.0060200922393361059,0.0066981495528490517,0.009051783094592758,0.014733211312355284,0.0014922652163289372,0.001635218608835369,0.0030663311108112424,0.0017789608023615177,0.012341594786869654,0.0048149383117464684,0.0040726890396495657,0.0048232542990978844,0.012286276757386316,0.025713021949843248,0.069793296541374061,,,0.006337544955318717,,0.0035494740490170243,1.0288961697993837,0.014247206720295072,0.024165903129127531,0.0054012917677954894,,,,0.0070390490173802001,0.0057742452006066328,0.0065412638942193568,0.0097219954184280949,,,,,,,,,,,,,,,,,,,,,,,,,,,,,,,
Boilers,0.00016142880809022405,0.00017961091885956425,0.00024272361584487805,0.00039507114624496263,3.804388444146029e-05,4.1688345416305271e-05,7.8173199483893473e-05,4.5352916124000048e-05,0.00031463723791006197,0.00014019126161867417,0.00011858000615628293,,,,,0.00013620714600853228,6.4367635623113214e-05,0.00016673459064267201,,9.3383180195504999e-05,0.027069248880252875,0.00039832366451188596,0.00067563075904004065,0.00015100941344393042,,,,0.00017330727998696746,0.00014216675110857312,0.00016105139350287368,0.0002557761621810888,,,,,,,,,,,,,,,,,,,,,,,,,,,,,,,
Broken Muni Meter,,,,,,,,,,,,0.0038405702881042338,0.0097830855558805989,0.020474281883998979,0.055573694519026925,,,,,,,,,,,,,,,,,0.020521341149351634,0.033454661070993152,0.076140543039952283,0.0047340994385264481,0.0066486255581409311,0.017989285367115571,0.0096297662644654509,0.14242050013347432,0.0032578403666916724,0.0046989713198194727,0.011042675713094433,0.080232060658529197,0.17639468656479057,0.32915925330324225,0.057798278295037336,0.0054710772451841173,0.003538246708630774,,,,0.057798278295037336,0.035462022969815842,0.03538519656241524,0.0041488307568669103,0.050944156571598037,0.0070269272013984072,0.0035081502242217477,,,,
Broken Parking Meter,,,,,,,,,,,,,,,,,,,,,,6.022961438098376e-05,0.00010216058875331705,2.2833789578562868e-05,,,,,,,,,,,,,,,,,,,,,,,,,,,,,,,,,,,,,,
Building/Use,,,,,,,,,,,,0.0027407925435416706,0.0069816214606042981,0.014611308975609014,0.039659726584511265,,,,,,,,,,,,,,,,,,,,,,,,,,,,,,,,,,,,,,,,,,,,,,,
Bus Stop Shelter Placement,,,,,6.6241053021621719e-06,7.2586696643828832e-06,1.3611320526037311e-05,7.8967354826181713e-06,5.478384309322389e-05,2.2260867448694818e-05,1.8829232069331849e-05,2.3639122129923977e-05,6.0215941101057657e-05,0.00012602140142505989,0.0003420620515696469,2.5383160409270743e-05,1.1995361976710273e-05,2.9446586651275358e-05,,1.6492174160140015e-05,0.004780633578580936,6.7668984459322428e-05,0.00011477913919512176,2.5654146519441354e-05,,,,3.3748558675585052e-05,2.768448585579194e-05,3.1361939347413411e-05,4.5171999966925329e-05,,,,,,,,,,,,,,,,,,,,,,,,,,,,,,,
Construction,,,,,,,,,,,,,,,,,,,,,,,,,,,,,,,,,,,0.00078746641639214701,0.0011059272011895299,0.0029923237281867352,0.0016018078262701114,0.023690115156472721,,,,,,,,,,,,,,,,,,,,,,,
Consumer Complaint,0.0016179776863354351,0.0018002143630680635,0.0024327838322647536,0.0039597411806574761,0.00041817404247900702,0.00045823354220893015,0.00085927090047807902,0.00049851408583072819,0.0034584566645326853,0.0014179053810917776,0.0011993274536341949,0.0015457419976519643,0.0039374689371487765,0.0082404317603269085,0.022367145277568549,0.0016020632437720515,0.00075708966924424451,0.0017069867885226228,,0.00095603350360317241,0.27712815940423602,0.0042853613328006461,0.0072687670555273923,0.0016246333294170001,,,,0.0020214902861717134,0.0016582610171031677,0.0018785352096285816,0.0026185719950446709,0.0047054822490558059,0.0076710538883424887,0.017458799164268297,0.0010503943810673386,0.0014751863620054619,0.0039914337487842629,0.0021366370745973958,0.031600031860667017,0.00076025455597295987,0.0010965590551346757,0.0025721404392742048,0.018688235814205076,0.041087134891445137,0.076670170199657134,0.013283606481967377,0.0013215756551724577,0.00085468738651726841,0.0036726284483582349,0.0074063795497425859,0.19242297874904679,0.013283606481967377,0.0081501313201913853,0.0081324745353625449,0.00095351343950386951,0.012384567474611986,0.0017082519354815005,0.00085283428143300669,0.0037724654462172628,0.0021280989346140443,0.0011296100088133028,0.0055513939158328869
Curb Condition,,,,,,,,,,,,0.00012111556456084364,0.00030851770475795427,0.00064567343476024097,0.0017525624793931988,,,,,,,,,,,,,0.00015966157790491399,0.00013097296206666486,0.00014837068363422284,,,,,,,,,,,,,,,,,,,,,,,,,,,,,,,,
DOOR/WINDOW,0.0028283155008939106,0.0031468754056362732,0.0042526422219719088,0.0069218490807169651,0.00056499128959615732,0.0006191153291439308,0.0011609533946572808,0.00067353801915979051,0.0046726905365122957,,,,,,,0.0025510798413900838,0.001205568007905989,0.003114356398123479,,0.0017442601658000383,0.50561367091056852,0.0065191335814826987,0.01105765878946202,0.0024714839363327761,,,,0.0028583634274650972,0.002344761524160072,0.002656226634942983,0.0047775217134354824,,,,,,,,,,,,,,,,,,,,,,,,,,,,,,,
Damaged Tree,0.0015666060056729622,0.0017430565677754792,0.002355541608711602,0.0038340172221896047,,,,,,0.0013619736769986176,0.0011520179299226625,,,,,0.0012604119196511256,0.00059563493955045637,0.001140645594800602,,0.00063884232244735466,0.18518304672599489,,,,0.01336382377536054,0.00230447951390109,0.0017828795506714713,,,,0.0017497866011025323,,,,,,,,,,,,,,,,,,,,,,,,,,,,,,,
Dead Tree,0.0010378755408204498,0.0011547739325711917,0.0015605449054923283,0.002540034114247895,,,,,,,,,,,,0.0008672195139589672,0.00040982335593660741,0.00094954791903579042,,0.00053181408900099215,0.15415846732842103,,,,0.0093358601619221143,0.001609890915163194,0.0012455053621185852,,,,0.0014566366918938299,,,,,,,,,,,,,,,,,,,,,,,,,,,,,,,
Derelict Vehicle,,,,,,,,,,,,,,,,0.0012915594071696637,0.00061035435909576529,0.0012484635833673804,,0.00069922803255010051,0.20268722480345885,,,,,,,,,,0.0019151828228667124,,,,,,,,,,,,,,,,,,,,,,,,,,,,,,,
Derelict Vehicles,0.0012167055770831584,0.0013537460213379141,0.0018294329282490538,0.0029776919786970277,,,,,,0.00099926099961875764,0.00084521941038543259,0.0010384280559291668,0.0026451880196668547,0.0055359144966571124,0.015026227677421504,,,0.001308368814529068,,0.00073277920495327595,0.21241279887476841,,,,,,,,,,0.0020070793517276281,,,,,,,,,,,,,,,,,,,,,,,,,,,,,,,
Dirty Conditions,0.0016656165771651559,0.0018532189355269914,0.0025044134501367166,0.0040763297340178986,0.00040808708552478225,0.00044718029273451906,0.00083854405542151253,0.00048648921194080523,0.0033750337354183212,0.0014550595197567406,0.0012307540770966933,0.0014774012413950916,0.0037633845134147723,0.0078761035999745672,0.021378243102497706,0.0017765399680462447,0.00083954242258284066,0.001796292273257105,,0.0010060509003608714,0.29162684490993362,0.0044246876380572347,0.0075050902915322279,0.0016774536499467633,,,,0.0023233240268059857,0.001905860092480434,0.0021590239723567831,0.0027555694474572937,,,,,,,,,,,,,,,,,,,,,,,,,,,,,,,
Drinking,9.757198222666493e-05,0.00010856174675393432,0.000146708785200047,0.00023879179506880138,2.2943160375587004e-05,2.5141028807163671e-05,4.7143983301482223e-05,2.7351024833823152e-05,0.00018974856840946674,9.4869627026211744e-05,8.0244951268160583e-05,9.7537441318688311e-05,0.00024845714613738463,0.00051997722160908246,0.0014113830919334513,0.00010294802296479348,4.8650316995134925e-05,0.00011463854602740865,,6.4205705365425288e-05,0.018611491003307501,0.00027648585698698521,0.00046897125645011439,0.00010481919807679714,,,,0.00013029770784241996,0.00010688530685060594,0.00012108335795143785,0.00017585917371968778,,,,,,,,,,,,,,,,,,,,,,,,,,,,,,,
EAP Inspection - F59,,,,,,,,,,,,,,,,,,,,,,,,,,,,,,,,,,,0.00011431307713402936,0.00016054264514976289,0.00043438263020458077,0.00023252748026669119,0.0034389910538703047,7.6716325187793497e-05,0.00011065238662551783,0.00023897200926795842,0.0017362836002275965,0.0038173169046877052,0.0071232598126323311,0.0011017461287173135,,,0.00034356675281185583,0.00069285140268809248,0.018000769450214268,0.0011017461287173135,0.00067597422753739179,0.00067450976874322468,7.908467795093323e-05,,,,0.00031632036481404218,0.00017844060892127791,9.4717540870708052e-05,0.00051932135473567974
ELECTRIC,0.0027213393481651804,0.0030278502742797364,0.0040917933691142537,0.0066600420849309708,0.00053460621519900203,0.00058581947895497682,0.0010985176440220709,0.00063731533183993602,0.0044213945392088802,0.0026311790109496808,0.0022255682680519867,0.0028175062324577397,0.0071770342575781503,0.015020273679651523,0.040769786495783909,0.0027413152207517309,0.0012954678548685573,0.0031100301786177488,,0.0017418371764604435,0.5049113120775286,0.0064890169917007183,0.011006575471479811,0.0024600663657410766,,,,0.0029557419873199198,0.0024246427240913922,0.0027467188102463045,0.0047708851551924482,,,,,,,,,,,,,,,,,,,,,,,,,,,,,,,
ELEVATOR,,,,,,,,,,,,,,,,,,,,,,0.00031049677988120481,0.00052666008515385866,0.00011771315837723917,,,,0.00014481139844566807,0.00011879112084649788,0.00013457067421823545,,,,,,,,,,,,,,,,,,,,,,,,,,,,,,,,
Electrical,0.00055458939958626368,0.00061705412328752225,0.00083387807894599549,0.0013572687079953694,,,,,,0.0004829841346615986,0.00040852946895750318,,,,,0.00055135328778262551,0.00026055393250347099,0.00061311573591781086,,0.00034338823772095861,0.09953892820912405,0.0014722654014641223,0.002497234985821219,0.00055815397004175659,,,,0.00071066255651851913,0.00058296793303978984,0.0006604061586231631,0.00094053902853291247,,,,,,,,,,,,,,,,,,0.0018546873409907778,0.0037402417877640606,0.097174126873937297,,,,,,,,,,,0.0028034690046446478
Elevator,,,,,,,,,,0.00085023425862739777,0.00071916596268714736,,,,,0.00085057348430156378,0.0004019569142486492,0.001006763804051438,,0.0005638590370820539,0.16344742785798327,0.0023758084727193048,0.0040298114944391046,0.00090069829107468618,,,,0.0010784654743572577,0.0008846825862345027,0.0010021989122617075,0.0015444076782781713,,,,,,,,,,,,,,,,,,,,,,,,,,,,,,,
FLOORING/STAIRS,0.002317268080592262,0.0025782674983667918,0.0034842336634791499,0.005671142391417373,0.00047080580540270897,0.00051590722997361081,0.00096741951260401811,0.00056125751922039401,0.003893741146014386,,,,,,,0.0020853777323603393,0.0009854903942023421,0.002544438867372413,,0.0014250659826040568,0.41308794231606361,0.0054529319930660819,0.0092491832891315046,0.0020672737654982582,,,,0.002427616205848724,0.001991412645504489,0.0022559408518297479,0.003903250104806702,,,,,,,,,,,,,,,,,,,,,,,,,,,,,,,
Fire Alarm - Modification,,,,,,,,,,,,,,,,,,,,,,,,,,,,,,,,,,,,,,,,,,,,,,,,,,,,,,,,,,,0.0001026755821578199,5.7920688768675701e-05,3.0744712422085981e-05,
Fire Alarm - Reinspection,,,,,,,,,,,,,,,,,,,,,,,,,,,,,,,,0.00014776551222010282,0.0002408928877175956,0.0005482558991214278,3.85458784699249e-05,5.4134290182106229e-05,0.00014647195660458484,7.8407267304762238e-05,0.0011596130079345303,2.6673600277449482e-05,3.8472874233351313e-05,8.2583731039500424e-05,0.00060002331774643104,0.0013191849267827054,0.0024616496898232591,0.0004536125181351635,4.2431680999540343e-05,2.744135184171435e-05,0.00011471989256963631,0.00023134904012853293,0.006010611680549411,0.0004536125181351635,0.00027831309187779647,0.00027771014277363154,3.2560858600879881e-05,0.00039533710561002349,5.4530396577062166e-05,2.7223965397087263e-05,0.0001230085809128498,6.939080919919578e-05,3.6833133702631036e-05,0.00017340586519738288
Fire Safety Director - F58,,,,,,,,,,,,,,,,,,,,,,,,,,,,,,,,0.0024165242098188912,0.0039395085253428851,0.0089660546192233265,0.00044853991661801789,0.00062993479376537934,0.001704423969830111,0.00091238779696160876,0.013493860888238736,0.00030242209007396489,0.00043620084712146811,0.0010262401624869305,0.0074562873261988872,0.016393066001877055,0.030590090153008488,0.004806202655584395,0.00076304131032870924,0.00049347290923307252,0.0014820753299019341,0.0029888164754239208,0.077651565825476318,0.004806202655584395,0.0029488364359212729,0.0029424479535276795,0.0003449950757951222,0.0059999769271891238,0.00082760033563758267,0.00041317438189130415,0.0013981542845606632,0.00078871779896171621,0.00041865700195838681,0.0022402440336434168
Food Establishment,0.0006801044264856124,0.00075670620632511086,0.0010226018980232549,0.0016644466283104236,0.00019779676095223566,0.00021674494636559385,0.00040643603770218993,0.00023579768577178698,0.0016358536318585085,0.0005494057221752199,0.00046471180275872888,0.00062236667078796127,0.0015853547600225438,0.003317869404027654,0.009005749835727328,0.00072008296602263941,0.00034029079481962292,0.00067886746632543496,,0.00038021386379623556,0.11021367750889982,0.0017812851082395415,0.0030213896812316824,0.00067530715178895553,0.0083542537733236697,0.0014406211125030997,0.0011145483855482007,0.00080429151004589522,0.00065977327055177196,0.00074741389101001809,0.0010414042730847745,0.0022378516107345774,0.0036482297438277704,0.0083031238379634893,0.00055732780125350217,0.00078271779285436771,0.0021178112099176829,0.0011336763260786534,0.01676663222298513,0.00038071491096546212,0.00054912710455209414,0.0011400496895516703,0.0082831859073234718,0.018211048923431686,0.033982516039698513,0.006784821080944026,0.00062897533475140491,0.00040676996654599512,0.0016387533406474778,0.0033047800505573884,0.085860522967767652,0.006784821080944026,0.0041628139819380478,0.0041537954878949545,0.00048702271435785134,0.0060559477226333203,0.0008353206068415621,0.00041702867984815548,0.0018932000882120388,0.0010679798524795348,0.00056689128073391564,0.0024770720623503301
Food Poisoning,0.00033501599990233338,0.00037274964913005366,0.00050372852171920402,0.00081989798882639705,,,,,,0.00026100708722753157,0.00022077140652646378,0.00030391703043164414,0.00077416791975172604,0.0016201976486874539,0.0043977302695519908,0.00034481497801487886,0.0001629497828319755,0.000326674293983557,,0.00018296074223544208,0.053035352367720813,0.00084117841715186583,0.0014267944967940923,0.00031890111156578451,,,,0.0003811600119963081,0.00031267169251109804,0.00035420526526175724,0.00050112875124633423,0.00081145363703749801,0.0013228621952309336,0.0030107447718021817,0.00021974593435621472,0.00030861380383531744,0.00083502097341407733,0.00044699145273458397,0.0066108298483588922,0.00014407864008689366,0.00020781294396398522,0.00045371962783114737,0.0032965615986483513,0.007247675619475492,0.013524440795524811,0.0026265497093968695,0.00022843417806075794,0.00014773260227201441,0.00060440714125219554,0.0012188732820739715,0.031667189897451625,0.0026265497093968695,0.0016115145446121762,0.001608023292208393,0.00018853693466715636,0.0022626452349764283,0.0003120955261360531,0.00015581177356937897,0.00072723186093233568,0.00041024135821292356,0.00021775902272632217,0.00091359694393624224
For Hire Vehicle Complaint,0.0002518503030914871,0.0002802168019975682,0.00037868096123108377,0.00061636326936691656,6.7058085010914101e-05,7.3481997223300488e-05,0.00013779205603025059,7.9941355873262485e-05,0.000554595592882688,0.00020763588903082925,0.00017562767261851452,,,,,0.0002415858935680531,0.00011416664414874795,0.00024968328014392515,,0.00013984032138510339,0.040535912946452882,0.00063838081748910985,0.0010828121819106706,0.00024201804058269984,,,,0.00029063846060320962,0.00023841540698268693,0.00027008518678036411,0.00038302208863704433,0.00064858029825537455,0.0010573399612404354,0.0024064341484688334,0.00016343402472473228,0.00022952868818338845,0.00062103919608088416,0.00033244579633289557,0.0049167441120265224,0.00010500824782231464,0.00015145946066185849,0.0003721650854965392,0.0027040159912635562,0.0059449308584399538,0.011093469085786466,0.0018732654139232267,0.00017777128198072042,0.00011496797160212455,0.0004889633983806165,0.00098606449447880386,0.025618652945335354,0.0018732654139232267,0.0011493384075907816,0.0011468484328699966,0.0001344652711865815,0.0016983394741383656,0.00023425862063805277,0.00011695217681402979,0.00052763322664101022,0.00029764506089979364,0.00015799210948208567,0.00073909693643214869
Found Property,8.9971034142787877e-05,0.0001001046858011831,0.00013528003450434284,0.00022018969233650958,,,,,,6.7573146309457468e-05,5.7156373463348076e-05,7.9067125748910722e-05,0.00020140770714574926,0.0004215109993833436,0.0011441145359264927,,,8.3897741120575079e-05,,4.6988677315607888e-05,0.013620741959602996,0.00021404699115963374,0.00036306336778819449,8.1147854029872592e-05,,,,9.2887574487445523e-05,7.6197172353225742e-05,8.6318781942859146e-05,0.00012870180180831207,0.00020443809845896026,0.0003332826662822148,0.00075852877847665744,5.3897443860731965e-05,7.5694211206190406e-05,0.00020480695658361416,0.00010963432293102592,0.0016214490232487788,3.386799415367823e-05,4.8849764038487432e-05,0.00011097042427676525,0.00080627069409622276,0.0017726313546498722,0.0033077981227294662,0.0006455994433363713,5.883372687525928e-05,3.8048857865442663e-05,0.00015762801224527314,0.00031787938877450258,0.0082587313356148485,0.0006455994433363713,0.00039610630219863246,0.00039524816096476773,4.6341913741054672e-05,0.0005648529004579361,7.7912374610389023e-05,3.8897274245945063e-05,0.00017721114741342319,9.9967212261781733e-05,5.306330532257546e-05,0.00023826401185080806
GENERAL,0.0025829157045163965,0.0028738356462726256,0.0038836602130664357,0.006321272393134918,0.0005289269743599292,0.00057959618821383377,0.0010868478465356161,0.00063054498918949532,0.0043744250807199198,0.0024478314623202647,0.0020704847543280506,,,,,0.0022095839897613065,0.0010441867501042217,0.0027539943885474044,,0.0015424319168077481,0.44710914052725936,0.0060853823023582429,0.010321936229998821,0.0023070434772869781,,,,0.0026053131008597387,0.0021371802684669911,0.002421071437023917,0.0042247149356099602,,,,,,,,,,,,,,,,,,,,,,,,,,,,,,,
GENERAL CONSTRUCTION,0.0017441956391182423,0.0019406485442039524,0.0026225645674781257,0.0042686393994606922,0.00036643633903263317,0.00040153956145526533,0.00075295941647135652,0.00043683647957939043,0.0030305663913082065,,,,,,,0.0016664251032494923,0.00078750525932356694,,,,,0.0041857287371301795,0.0070997717076851869,0.001586861383704132,,,,0.0019247737866936641,0.0015789229159546055,0.0017886582753368942,,,,,,,,,,,,,,,,,,,,,,,,,,,,,,,,
General Construction/Plumbing,0.0034721796363968768,0.0038632594907728737,0.005220753384601381,0.0084976034026903284,,,,,,0.0030025504124871118,0.0025396907217064748,0.0032348687176319605,0.0082401818096282491,0.017245255004881062,0.046809091472603682,0.0034211343851466205,0.0016167311185495865,0.0037532027516827744,,0.0021020593718419365,0.60932994762365511,0.009132506110078804,0.015490422952026826,0.003462245690689961,0.036879516657461316,0.0063595638530036473,0.0049201289385800637,0.0044209460056430895,0.0036265731623966683,0.0041083070189741836,0.0057575323273516129,,,,,,,,,,,,,,,,,,0.011402806784411386,0.022995387680853893,0.59743643507884092,,,,,,,,,,,0.017236013143310705
Graffiti,0.0013919054028327456,0.0015486790203434646,0.0020928625831193584,0.0034064654844898814,,,,,,,,,,,,0.0014517472753832633,0.0006860546041605165,,,,,0.0038377886269567868,0.0065096007947292754,0.0014549529970525714,,,,0.0018290000707925028,0.0015003581953480184,0.001699657453167218,,,,,,,,,,,,,,,,,,,,,,,,,,,,,,,,
HEAT/HOT WATER,0.013105830449815966,0.014581971318238674,0.019705866586410607,0.032074420418238145,0.0027423245574754885,0.0030050289310380018,0.005634973605573349,0.0032691828782980444,0.022680055858772898,0.011999458344026876,0.010149675720710051,,,,,0.010990298841835965,0.0051937036489708589,0.013773441062249259,,0.007714102536675517,2.2361089118606703,0.030021243186768826,0.05092159248549246,0.011381423521615232,,,,0.01286852818009445,0.010556260781720894,0.011958495891753993,0.021128896417657445,,,,,,,,,,,,,,,,,,,,,,,,,,,,,,,
HEATING,0.011887412578305362,0.013226320142677606,0.017873859060109701,0.029092537873246511,0.0025674324932868156,0.0028133828651982491,0.0052756025155100165,0.0030606903640778638,0.021233632686780923,,,,,,,0.010387746057879579,0.0049089542861219543,0.012436401689775944,,0.0069652657886024021,2.0190414671470442,0.027515159621309335,0.046670810288998985,0.010431336336297576,,,,0.012317613380983078,0.010104336505180486,0.011446540501853966,0.019077835518667763,,,,,,,,,,,,,,,,,,,,,,,,,,,,,,,
Hazardous Materials,,,,,5.952254492000707e-05,6.5224580747032506e-05,0.00012230790430931392,7.0958079777525603e-05,0.00049227384116956249,0.00019273945085758305,0.00016302760247223849,0.00019967798967703519,0.00050863978786883242,0.0010644938485674447,0.0028893739127379813,0.0002263900964955117,0.0001069855412651529,0.00025165880231814251,,0.00014094675372445229,0.040856637645486388,0.00058140703590840769,0.00098617408901221864,0.00022041857737047148,,,,0.00028652893228007034,0.00023504429475743418,0.00026626627471197959,0.00038605260244990898,0.00097220001517776193,0.0015849169780998468,0.0036071637111994206,,,,,,,,0.00055497162311982757,0.0040322217265796149,0.0088650656829931222,0.016542552712473069,,0.00027602408134276937,0.00017850987173934887,0.00075521513304242012,0.0015229991260133908,0.039568594411270357,,,,,0.0025766534864567485,0.00035540791507882675,0.00017743521759067653,,,,0.0011415520937302481
Homeless Encampment,0.00050701746690218067,0.00056412405062949977,0.00076234913903487286,0.0012408440239694263,,,,,,0.00037042095679678763,0.00031331852520776783,,,,,0.00054230828315542708,0.00025627951974970523,0.00048320577442560666,,0.00027062945805527799,0.078448133155127914,0.0012860372209513588,0.0021813574767390789,0.00048755257019667247,,,,0.00053689166816525387,0.00044042087652668756,0.00049892394205597584,0.00074125301804466612,0.0017956802378024869,0.002927385364843008,0.0066625308471474701,0.00050231351904082573,0.00070545508058319725,0.0019087603366012339,0.0010217702105027812,0.015111584269524256,0.00031355411452701576,0.00045225720892827287,0.00093098643179807491,0.006764208404645743,0.014871491665589751,0.027750774059472155,0.00568515234539038,0.0005152284052877212,0.00033320772628590671,0.0013664054571711787,0.0027555516646867052,0.071591181069614401,0.00568515234539038,0.0034881143349982176,0.0034805575384446613,0.0004080871542164061,0.004988603272067637,0.0006880976031119634,0.00034352849993426549,0.0015438392549209671,0.00087090066707093058,0.0004622802512628131,0.0020654022175567036
Homeless Person Assistance,0.00028789244337687611,0.0003203184543042986,0.00043287375814480753,0.00070457063361699531,,,,,,0.00021370513012501256,0.00018076130675521128,,,,,,,0.00027303459382978685,,0.00015291871097015269,0.044326983050184982,0.00071271460486126278,0.0012088960620791058,0.00027019889607841864,,,,0.00030714497780811212,0.00025195596871393805,0.00028542440160116448,0.00041884374611936325,0.00083214781062503724,0.0013565986142338067,0.003087526576814379,0.00023907020998946497,0.00033575304637471347,0.00090845202685801204,0.00048629951121428232,0.0071921807549341172,0.00014633261100870191,0.0002110639764042393,0.00048837385297671114,0.0035483465795888153,0.0078012390258018049,0.014557411351672725,0.00262360794187127,0.0002404432519109601,0.00015549909214593901,0.00062548220221676125,0.0012613741510653107,0.032771392531925139,0.00262360794187127,0.0016097096287800438,0.0016062222866212905,0.00018832577101402019,0.0023142905071343676,0.00031921916095843374,0.00015936820447909938,0.00073600044889201221,0.00041518783763363446,0.00022038464908755043,0.00094545313817413171
Illegal Parking,0.0040095153248492377,0.0044611165763868863,0.0060286888625785129,0.0098126464168006231,0.00087188531067951529,0.00095540864264109533,0.001791564276873563,0.001039392847116901,0.0072108195562595144,0.0033872799106616476,0.0028651120477954832,0.0034292278781611844,0.008735272942816466,0.018281393895956281,0.049621501037839695,0.0038307289834883587,0.0018102939133944678,0.0041539540088495579,,0.0023265084601644843,0.67439164524445805,0.010441240964998388,0.017710279822682549,0.0039584032138369101,0.040647312047746964,0.0070092886200641864,0.0054227938543536386,,,,0.0063722974948688862,,,,,,,,,,,,,,,,,,,,,,,,,,,,,,,
Illegal Tree Damage,0.0001678324974495538,0.00018673587098878765,0.00025235217381066043,0.00041074315005467353,3.7214836045924182e-05,4.0779877304088063e-05,7.6469657204824405e-05,4.4364590065883074e-05,0.00030778069575894103,0.00014546000244092147,0.00012303654154889067,0.00013838528001922209,0.00035250885481666783,0.00073773919474554549,0.0020024581509519627,0.00015924935573485301,7.5256730674868143e-05,0.00016823999710913155,,9.4226314441272542e-05,0.027313650609668866,0.00041192640065324849,0.00069870352062319295,0.00015616637846747959,0.0016665342692579101,0.0002873798807344244,0.00022233381097342336,0.00021251098324428445,0.00017432617986388251,0.00019748270233501761,0.00025808550355428238,,,,,,,,,,,,,,,,,,,,,,,,,,,,,,,
Indoor Air Quality,0.00075473722785106257,0.00083974507769446233,0.0011348194360349948,0.0018470984531720764,,,,,,0.00062744932080873686,0.00053072455062594826,0.00071871646675739315,0.0018307866168955169,0.0038315152259135723,0.01039994750078786,0.00074187923697319658,0.00035059109452930358,0.00080936529407840685,,0.00045330189020518959,0.1313999122557617,0.0020172719549727807,0.0034216671103350351,0.00076477267563459161,,,,0.00093382223989295983,0.000766029413008478,0.00086778450986043601,0.0012415920891040468,,,,,,,,,,,0.0018448921546499247,0.013404314597846561,0.029470137656892326,0.054992407621776346,,0.00089693210350706644,0.00058006255822702375,0.0025225689586199831,0.0050871204127088728,0.13216698610896108,,,,,,,,,,,0.0038130113530574932
Indoor Sewage,0.00011558873628067723,0.00012860777068727895,0.0001737986940057514,0.00028288491425824589,2.0927885594815415e-05,2.2932698285635291e-05,4.3002963535361042e-05,2.4948573311298276e-05,0.00017308148774825124,0.0001034690459825496,8.7518722407738987e-05,0.00011093469236184332,0.00028258396672305663,0.00059139867044387341,0.0016052435556185266,0.00012289933689804458,5.807874232443007e-05,0.00013438671470097894,,7.52660785409436e-05,0.021817592932688888,0.00030251429172640712,0.00051312030579462068,0.00011468689867570656,,,,0.00014452096612037682,0.00011855287453562931,0.00013430078058935873,0.00020615349221689516,,,,,,,,,,,,,,,,,,,,,,,,,,,,,,,
Industrial Waste,,,,,2.4365888867728744e-05,2.6700049335293194e-05,5.0067429207715911e-05,2.9047089442331154e-05,0.00020151506832490597,,,9.1544558297326491e-05,0.00023319147387356392,0.00048802884752067088,0.0013246650721255593,9.6282785580418314e-05,4.5500514772040554e-05,0.00010398128717572282,,5.8236885578834334e-05,0.016881292181781554,0.00025676557839755896,0.00043552200906938905,9.7342997268117131e-05,0.0010185215935008957,0.00017563552065212601,0.00013588186670929648,,,,0.00015951059986978733,,,,,,,,,,,,,,,,,,,,,,,,,,,,,,,
Investigations and Discipline (IAD),,,,,9.5876890756494828e-06,1.0506153611754323e-05,1.9700941207872197e-05,1.1429686133654748e-05,7.9293795914680166e-05,,,,,,,,,,,,,,,,,,,,,,,,,,,,,,,,,,,,,,,,,,,,,,,,,,,,,
Lead,0.0002043781853614738,0.0002273977866893988,0.00030730210262734279,0.00050018286645029547,4.7910776542792709e-05,5.2500448652994932e-05,9.8447851661180599e-05,5.7115446066620969e-05,0.00039624014789410556,0.00016382474910082626,0.00013857026131748433,0.00014768541284684302,0.00037619908525340342,0.00078731869122322445,0.0021370326286927932,0.00018952459544271819,8.9563950633769589e-05,0.00020996381758790872,,0.00011759460911364011,0.034087484859788492,0.00046946137757399595,0.00079629350482850214,0.00017797859775392087,0.0020144310402907335,0.00034737176593689525,0.00026874702692458339,0.00024225999893189351,0.00019872977623504122,0.0002251279370429223,0.00032209117047954177,,,,,,,,,,,,,,,,,,,,,,,,,,,,,,,
Litter Basket / Request,0.00021521525104578861,0.00023945545686815243,0.00032359666491250298,0.00052670484857037219,5.4127354518644644e-05,5.931255140668424e-05,0.00011122177833423712,6.4526359638050594e-05,0.00044765358667121828,0.00017544711443119956,0.00014840097499045873,0.00019297130270090615,0.00049155584263101007,0.0010287401481125077,0.0027923270302995639,0.00020497250380189895,9.6864194163875624e-05,0.00021340636041378239,,0.00011952267692368597,0.034646379376968878,0.0005383826195054077,0.00091319670478566268,0.00020410749052418489,,,,0.00026105097145307985,0.00021414431342994965,0.00024259005583007797,0.00032737214060548909,,,,,,,,,,,,,,,,,,0.00071356314751243311,0.0014390019511907172,0.037386288403681939,,,,,,,,,,,0.0010785926677210926
Maintenance or Facility,0.00029344471201397894,0.0003264960881694249,0.00044122212381561435,0.0007181589216101403,,,,,,0.00024116820318895507,0.00020399079577893345,0.00027200339874121148,0.00069287431859217587,0.001450064402279777,0.003935934680482772,0.00027760078523966471,0.00013118626090203472,0.00031514681971194977,,0.00017650454017829648,0.051163874656850503,0.00074415188134069148,0.001262219509472009,0.00028211715528415936,,,,0.00035330359355812649,0.00028982062412450152,0.00032831878774156509,0.00048344523927999154,,,,,,,,,,,,,,,,,,,,,,,,,,,,,,,
Missed Collection (All Materials),,,,,,,,,,,,,,,,0.0014613213349282503,0.00069057903326930309,0.0014970723511047446,,0.0008384665508822354,0.24304869138190852,,,,0.015148699795883746,0.002612266438758087,0.002021001439358891,,,,0.0022965565753156458,,,,,,,,,,,,,,,,,,,,,,,,,,,,,,,
NONCONST,0.00082639232849132693,0.00091947086282061707,0.0012425597168863086,0.0020224628325486828,0.00016990041533435627,0.00018617623580817759,0.00034911416789644683,0.00020254186446046468,0.0014051403579156251,0.00080019801676501625,0.00067684308321825943,0.00087376376976903091,0.0022257386466161162,0.0046580805401968961,0.012643507911661377,0.0007940424166119497,0.0003752419343591016,0.00092744907310766543,,0.00051943717006974668,0.15057073452451369,0.0019737601764092342,0.0033478630695580546,0.0007482768237829689,,,,0.00087614419585256976,0.00071871518516913955,0.0008141853225214885,0.0014227363597651441,,,,,,,,,,,,,,,,,,,,,,,,,,,,,,,
New Tree Request,,,,,,,,,,,,,,,,,,0.0023683944570362311,,0.0013264686439866213,0.38450725045722695,,,,,,,,,,0.0036331923832765567,,,,,,,,,,,,,,,,,,,,,,,,,,,,,,,
Noise,0.0053636750201037711,0.0059677985002930291,0.0080647971728119196,0.013126735329009702,,,,,,0.0036782703536899497,0.0031112447106113189,0.0041144727164083017,0.01048079727290397,0.021934470112601214,0.059537108474953686,0.0061800728817300137,0.0029205272339423516,0.0046062348676950225,,0.0025798177751527474,0.74781913911164311,0.01179886541928566,0.020013062514907112,0.0044730953870229725,0.064317389554074705,0.011090995294942251,0.0085806398315393106,0.004476553205223598,0.0036721886431958675,0.0041599818071418049,0.0070661107093768355,,,,,,,,,,,,,,,,,,,,,,,,,,,,,,,
Noise - Commercial,0.0041227759017607732,0.0045871339615755034,0.006198986946829247,0.010089833533983551,,,,,,0.0039265435012408294,0.0033212451844290185,0.0044683406441369204,0.011382205124538447,0.023820958617827515,0.064657636584173256,0.0046487704421381299,0.0021968771146287855,0.0048112464536834614,,0.0026946387838152714,0.78110263249514578,,,,,,,0.0058002980280843809,0.0047580778267146615,0.0053901144846610384,0.0073806049991619665,,,,,,,,,,,,,,,,,,,,,,,,,,,,,,,
Noise - Helicopter,,,,,,,,,,0.00021446874812546305,0.0001814072088331937,0.00019932215674702173,0.00050773337456643712,0.0010625968845318508,0.002884224950716995,,,,,,,0.00061681117083782239,0.0010462260635410951,0.00023384072153489663,,,,0.000307615220706033,0.0002523417165315388,0.00028586139001850446,,,,,,,,,,,,,,,,,,,,,,,,,,,,,,,,
Noise - House of Worship,,,,,3.5572991021863874e-05,3.8980749704791814e-05,7.3095967044846142e-05,4.2407312023484621e-05,0.00029420201968443,,,,,,,,,0.00015409630159322934,,8.6304843186262123e-05,0.025017431135768702,,,,,,,0.00017907353802280629,0.00014689690538178391,0.0001664098752241194,0.00023638862503512579,,,,,,,,,,,,,,,,,,,,,,,,,,,,,,,
Noise - Residential,0.012446390697499719,0.013848257297505488,0.018714335997740271,0.030460547269391847,0.0024500076248089955,0.0026847091361761723,0.0050343159643953025,0.0029207057045423472,0.020262484844697011,0.012851171406494839,0.01087009252147721,0.014292310535242048,0.036406805830522984,0.076193057988957716,0.20681212426102458,0.012033139415550405,0.0056865205387516965,0.014378677401300652,,0.0080530777540713458,2.3343686252771043,0.030930149178225785,0.052463265500718968,0.011726000991833536,,,,0.012903092678039157,0.010584614595691474,0.011990616069049151,0.02205734820092814,,,,,,,,,,,,,,,,,,,,,,,,,,,,,,,
Noise - Street/Sidewalk,0.0046053949041420629,0.0051241114905698423,0.0069246506664545713,0.011270966224771991,,,,,,,,,,,,0.0042611035502229805,0.0020136767321732568,0.0050444865884092943,,0.0028252697791352802,0.8189690118194457,0.012722635484677773,0.021579947754387319,0.0048233080109775809,,,,0.0056472754848863257,0.0046325509716715584,0.0052479133386892519,0.0077384027800353108,,,,,,,,,,,,,,,,,,,,,,,,,,,,,,,
Noise - Vehicle,0.0014487037290743686,0.0016118746772192894,0.0021782642860892426,0.0035454702886418875,0.00036408022935340619,0.00039895774533453099,0.00074811804354994607,0.00043402771159395089,0.0030110804778015069,0.0013646437825213143,0.0011542764239661817,,,,,0.0014209189864964871,0.000671486028839044,0.0016021642613668623,,0.00089732546405238336,0.26011029247632722,0.0041154068468991049,0.0069804927486201446,0.0015602014878903199,,,,0.001852491458173719,0.0015196285585045554,0.0017214875844424027,0.0024577709063042905,,,,,,,,,,,,,,,,,,,,,,,,,,,,,,,
Non-Emergency Police Matter,,,,,0.00010095570431596425,0.00011062688090503385,0.00020744544171541251,0.00012035142197760093,0.00083494165812949932,0.00044250229059877334,0.00037428812422059227,0.00046065482584233984,0.001173426141139427,0.0024557750667222131,0.0066657523882252545,0.00049513633051646942,0.00023398739229477005,0.00053676670718472022,,0.00030062737400064234,0.087143714639009079,0.0013532837582473103,0.0022954200672501246,0.00051304656178675521,,,,,,,0.00082341719148438695,,,,,,,,,,,,,,,,,,,,,,,,,,,,,,,
Non-Residential Heat,0.00026186507366097761,0.00029135956000609275,0.00039373912435104573,0.00064087281592850446,,,,,,,,,,,,0.00025491678785728809,0.00012046644684842394,0.00027891548319578717,,0.00015621242554526437,0.045281741491561181,,,,,,,0.00031965107566243211,0.000262214922066205,0.00029704609739416871,0.0004278652173476744,0.00055426429409124079,0.00090358246898310452,0.0020564925085852022,0.00013732991324197214,0.00019286776353858191,0.00052184518530519627,0.00027934668099222309,0.0041314288348147134,8.9087275211317612e-05,0.0001284957223376637,0.00032669461484671986,0.0023736441091098365,0.0052185897408865908,0.0097380886910970188,0.0015700004224716642,0.00015834897981981268,0.00010240721005276874,0.00044241294905732317,0.00089218886813999167,0.02317969778097647,0.0015700004224716642,0.00096327075280875848,0.00096118388282518871,0.00011269654102488653,0.0014725846016693726,0.00020311936618850501,0.00010140609538350932,0.00044500839366265146,0.00025103527174712658,0.00013325130280287024,0.00066873319428226185
OUTSIDE BUILDING,0.00012576260725470775,0.00013992754895748058,0.00018909607976465352,0.000307783833571409,2.6851599425155743e-05,2.9423881610686248e-05,5.5175108145285058e-05,3.2010357365011268e-05,0.00022207282985517652,0.00011361207919195651,9.6098151157630778e-05,,,,,0.00012270661325886479,5.7987666596421574e-05,0.00013419040222631184,,7.5156129650759526e-05,0.021785721734189648,0.00031645590589941808,0.00053676786732601359,0.00011997233654018257,,,,0.00014503490190617376,0.00011897446433238037,0.00013477837203548735,0.00020585234264040316,,,,,,,,,,,,,,,,,,,,,,,,,,,,,,,
Other Enforcement,0.00036812165963768454,0.00040958407809514358,0.00055350603993889816,0.00090091878736646229,8.1113044678594463e-05,8.8883369139990286e-05,0.00016667241832685838,9.6696569392937568e-05,0.00067083539735325712,0.00031503676537164246,0.00026647211206956339,0.00031280122207250896,0.00079679862311019087,0.0016675597408564065,0.0045262860087418675,0.00034938521729528747,0.00016510954834599164,0.00037221841503182976,,0.00020846867581001419,0.060429409851150646,0.00092656002304968921,0.0015716175247492458,0.00035127033130905781,0.003980488249712354,0.00068640186977762298,0.00053104045828446071,0.00047655254984177079,0.0003909237266236342,0.00044285186539847789,0.00057099488068436573,,,,,,,,,,,0.00088100276842893862,0.0064010453076245553,0.014073057222486094,0.026260864753122063,,,,0.0012541059486632915,0.0025290836745390042,0.065707382519613652,,,,,,,,,,,0.0018956549052304612
Overgrown Tree/Branches,0.0013496963545654383,0.0015017158665348732,0.0020293972516335079,0.0033031656009179611,,,,,,0.001127158428782268,0.00095340074610116466,,,,,0.0011193917299578988,0.00052899279593555883,0.00099344852840795722,,0.00055640153963071391,0.16128570179434368,,,,0.01125274143602693,0.0019404410407118221,0.0015012381884498987,,,,0.001523981622177002,,,,,,,,,,,,,,,,,,,,,,,,,,,,,,,
PAINT - PLASTER,0.0013243924903337311,0.0014735619678650997,0.001991350477369183,0.0032412384469934895,0.00027833421134973403,0.0003049975814582522,0.00057192571543306222,0.00033180807709602125,0.0023019286479462934,,,,,,,0.0012454243711322555,0.00058855224902931496,0.0014917207974976874,,0.00083546930182379201,0.24217987024571194,0.0031607909201788599,0.0053612872114546127,0.0011982948175073035,,,,0.0014471563104333249,0.0011871256130501079,0.0013448167926315077,0.002288347121968003,,,,,,,,,,,,,,,,,,,,,,,,,,,,,,,
PAINT/PLASTER,0.006689764615419834,0.0074432487221128205,0.010058699409452898,0.016372127168564274,0.0013556555945649284,0.0014855222993522513,0.0027856234130994159,0.0016161055942628816,0.011211781817063563,,,,,,,0.005974479950186116,0.002823369843217227,0.0071307190345901734,,0.0039937077121430346,1.1576674491986179,0.015343862369080578,0.026026034360101362,0.0058170474484829753,,,,0.0067009531357278985,0.0054968997073226167,0.0062270773644799221,0.010938749669334266,,,,,,,,,,,,,,,,,,,,,,,,,,,,,,,
PLUMBING,0.0060141765249301449,0.0066915675374533178,0.0090428882535299529,0.014718733549068361,0.0011738619625644652,0.0012863135214741233,0.002412070867981648,0.0013993855756569726,0.0097082800826316165,0.0057925048981335332,0.0048995583501438324,,,,,0.0055108097467017059,0.0026042524504681719,0.0066620752004989759,,0.003731233972064471,1.0815834372829531,0.013851576263208702,0.02349484054903158,0.0052513033824998848,,,,0.0060708469213102915,0.0049800134382414242,0.0056415307913965061,0.010219835130655455,,,,,,,,,,,,,,,,,,,,,,,,,,,,,,,
Panhandling,,,,,,,,,,2.5914538184436804e-05,2.1919669328651048e-05,,,,,,,,,,,,,,,,,,,,,,,,,,,,,1.325295674269409e-05,1.911550494414432e-05,4.8683389778464728e-05,0.00035371578259215704,0.00077766399231490109,0.0014511508482267703,,,,,,,,,,,,,,,,,
Plumbing,0.00050145543634577856,0.00055793555533687541,0.00075398609538695712,0.0012272318452426956,,,,,,0.00043482268578618984,0.0003677923728061355,0.0004698391338593464,0.0011968213310101184,0.0025047370950522512,0.006798650861581333,0.00049985091454229176,0.00023621537104318076,0.00054986973084968538,,0.00030796599531068424,0.089270981736398122,0.0013260748083599699,0.0022492686454218648,0.00050273131333686055,,,,0.00064830299106476987,0.00053181337783721194,0.00060245651614239035,0.00084351764630347884,,,,,,,,,,,,,,,,,,,,,,,,,,,,,,,
Recycling Enforcement,7.5858116961129859e-05,8.4402197176167723e-05,0.00011405991692448202,0.00018565058848150489,1.8077123140315785e-05,1.9808843515077246e-05,3.7145169955430803e-05,2.1550119331465731e-05,0.00014950460968256218,6.5554681283475384e-05,5.5449065943295689e-05,7.0523945423986456e-05,0.00017964566198882921,0.0003759668564470418,0.0010204932875226109,7.4850347260920381e-05,3.5372152048855128e-05,8.0907165366269902e-05,,4.5313743077450379e-05,0.013135223993136005,0.00019926711911558956,0.00033799396554750922,7.5544622268881233e-05,0.00085981568619549462,0.00014826801579212454,0.00011470877123438792,9.7653029097325184e-05,8.0106351468453417e-05,9.074723472137789e-05,0.00012411416353721511,,,,,,,,,,,,,,,,,,,,,,,,,,,,,,,
Request Xmas Tree Collection,,,,,,,,,,,,,,,,6.3682144023175945e-05,3.0094375826108516e-05,6.8192726656287023e-05,,3.8192756864796032e-05,0.011071043402374026,,,,0.00066054239359913936,0.00011390500501203595,8.8123545004447655e-05,,,,0.00010460981039134908,,,,,,,,,,,,,,,,,,,,,,,,,,,,,,,
Rodent,0.0015011997779214858,0.001670283480960549,0.002257197104490653,0.0036739459581132906,0.00036077414391037245,0.00039533494934646375,0.00074132464480416993,0.00043008645748706786,0.0029837379073105403,0.001409078375791547,0.0011918611798396846,,,,,0.0013541337531572349,0.00063992522097719873,0.0016671859845975706,,0.00093374223440382295,0.27066652560090415,0.0038951102636989414,0.0066068289144519086,0.0014766843364463437,,,,0.0016536057589434309,0.0013564794184127301,0.0015366666178261127,0.0025575162966413999,,,,,,,,,,,,,,,,,,0.0059721858517130973,0.012043765325393295,0.31290554091941014,,,,,,,,,,,0.0090273101860451066
Root/Sewer/Sidewalk Condition,0.00082860471016206862,0.00092193243030321849,0.0012458862438247424,0.0020278772822552226,,,,,,0.00070420333102491411,0.00059564650723626907,,,,,0.00066599847161032924,0.00031473199609863799,0.00061207691742300434,,0.00034280642578669233,0.099370276723736828,,,,0.0070179015937403607,0.0012101783684970923,0.00093626445921664043,,,,0.00093894544794006672,,,,,,,,,,,,,,,,,,,,,,,,,,,,,,,
SAFETY,0.00062273718236932,0.00069287755300067233,0.00093634477274497205,0.0015240494888031364,0.00013642707216259014,0.0001494962723167959,0.00028033259178831431,0.0001626375868729601,0.0011283032159201463,0.00062698329281553767,0.00053033036341581477,0.00068436448512400284,0.0017432818063796325,0.0036483830079160288,0.0099028685801571432,0.00062795429956486511,0.00029675339897237507,0.00073380235618577443,,0.00041098129303257427,0.11913232000597887,0.0015675570643075183,0.0026588673070541691,0.00059428021458640765,,,,0.00071141306299013637,0.00058358358557766268,0.00066110359102817227,0.0011256761403929273,,,,,,,,,,,,,,,,,,,,,,,,,,,,,,,
Sanitation Condition,0.0014510117134017408,0.0016144426153132207,0.0021817345607439377,0.0035511187105345945,0.00034452554471670819,0.00037752979549160763,0.00070793675592929284,0.00041071616007443959,0.0028493558786281421,0.0012474080993920686,0.0010551132673850289,0.0011990422006137487,0.0030543204664289412,0.0063921569362279228,0.01735034121852317,,,0.0016278492882018589,,0.00091171089829259529,0.26428023934345646,,,,,,,,,,0.0024971725539411202,,,,,,,,,,,,,,,,,,,,,,,,,,,,,,,
Scaffold Safety,,,,,,,,,,,,,,,,,,3.5774182125389361e-05,,2.0036075794983041e-05,0.0058079144567847255,7.772140898641152e-05,0.00013182991427712111,2.9465144626684872e-05,,,,3.7785011754545977e-05,3.0995653282118326e-05,3.511294388239031e-05,5.4878732564912701e-05,,,,,,,,,,,,,,,,,,,,,,,,,,,,,,,
School Maintenance,,,,,3.0492585262531125e-05,3.3413660190682233e-05,6.265666572968853e-05,3.6350853287430774e-05,0.00025218515260981561,,,,,,,,,,,,,,,,,,,,,,,,,,,,,,,,,,,,,,,,,,,,,,,,,,,,,
Sewer,,,,,0.00060993839782684327,0.0006683682012124533,0.0012533114519252806,0.00072712041379510576,0.0050444200324187543,,,,,,,0.0022841907178586616,0.0010794437746431719,0.0022349772629379969,,0.0012517455656521751,0.36284705854366101,,,,0.021737570183449219,0.0037484619680563276,0.0029000284658656349,,,,0.003428526166483252,,,,,,,,,,,,,,,,,,,,,,,,,,,,,,,
Sidewalk Condition,0.00038570129739851772,0.00042914375228710554,0.00057993870268994638,0.00094394213445617029,9.1514726255337558e-05,0.00010028149267148523,0.00018804596471426466,0.0001090966331357575,0.0007568612175074096,0.00029674634506741341,0.00025100126083936404,0.00029553834172810645,0.00075282488413884029,0.0015755304192226374,0.0042764892424257128,0.00037800448753640375,0.00017863420408295409,0.00036303390467889941,,0.00020332469949418624,0.058938310759903641,0.00083846175083606843,0.0014221865272242957,0.00031787118986285456,0.0038143011414149661,0.00065774429444713273,0.00050886928916780982,0.00039236307871149252,0.00032186174844798729,0.00036461607723758298,0.00055690554984707413,0.0014536373373195081,0.0023697741822152579,0.0053934455570490121,0.00035944014883179914,0.00050480202014703155,0.0013658503573271746,0.00073114742608623435,0.010813386247883583,,,0.00078156317429257526,0.0056785534264994393,0.012484618288341347,0.023296776754423543,,0.00040776227648455855,0.00026370739582323851,0.0010390320436287127,0.0020953564423047012,0.054438842279327833,,,,,0.0038113422892777863,0.00052571338125357138,0.00026245917503657425,,,,0.00157055804758424
Smoking,,,,,,,,,,,,,,,,0.00024700357196808203,0.00011672688536512599,0.0002552367262243182,,0.00014295064452820433,0.041437511190187383,,,,,,,0.00031011875264822994,0.00025439540407741365,0.00028818787802293265,0.000391541251456514,,,,,,,,,,,0.0005388898904151628,0.003915377712739301,0.0086081775633416249,0.016063189624538426,,0.00027598407178387263,0.00017848399681860919,,,,,,,,,,,,,,
Snow,0.00088587604275212938,0.00098565436935800759,0.0013319991569718474,0.0021680396936674768,0.0002193376631475345,0.00024034938593532975,0.00045069863783092417,0.00026147704908711667,0.0018140049975332874,0.00076253835963518285,0.00064498886974776533,0.00079559432557242075,0.0020266176038897877,0.0042413551283084078,0.011512382977960742,0.00083548912758287137,0.00039482847491686122,0.00085011415366157122,,0.00047612413772172906,0.13801546225886255,0.0022776988309323358,0.0038633993586426945,0.00086350371596050264,0.0086120744925942509,0.001485080136791773,0.0011489444757581319,,,,0.0013041021350235188,,,,,,,,,,,,,,,,,,,,,,,,,,,,,,,
Special Enforcement,,,,,,,,,,,,,,,,,,,,,,,,,,,,,,,,,,,0.00038173812270133342,0.00053611755985818934,0.0014505812803371899,0.00077650436869443795,0.01148419779962629,,,,,,,,,,,,,,,,,,,,,,,
Special Projects Inspection Team (SPIT),,,,,,,,,,,,,,,,,,,,,,,,,,,,0.0028455500068613466,0.0023342504690101692,0.0026443193495483499,,,,,,,,,,,,,,,,,0.0025635556775180247,0.0016578988071049691,,,,,,,,,,,,,,
Standing Water,,,,,,,,,,,,,,,,,,0.00020319574398828199,,0.00011380400853043616,0.032988692653552205,,,,,,,,,,0.00031170873043516234,,,,,,,,,,,,,,,,,,,,,,,,,,,,,,,
Street Condition,,,,,0.0013198942445188959,0.0014463351465375477,0.0027121404028336389,0.0015734737354784728,0.010916021997381318,0.0051746155431341119,0.0043769200439202358,0.0052752697904317226,0.013437695919795439,0.028122740270627208,0.076334036314074427,0.0049049430682158047,0.0023179370350161557,0.0053801643413268155,,0.0030132730960684634,0.87346606970206409,0.015083320921791984,0.025584107777585366,0.0057182729727533041,0.050560558710342721,0.0087187450027740795,0.0067453288602469935,,,,0.0082533431234870017,,,,,,,,,,,,,,,,,,,,,,,,,,,,,,,
Street Light Condition,,,,,,,,,,,,,,,,,,0.0037821963990989985,,0.0021182978679497822,0.6140370468214339,,,,,,,,,,0.0058020095041340022,,,,,,,,,,,,,,,,,,,,,,,,,,,,,,,
Sweeping/Missed,,,,,4.3627205506096252e-05,4.7806527629555142e-05,8.9645899440177353e-05,5.2008910790565614e-05,0.00036081340377570225,,,,,,,,,,,,,,,,,,,,,,,,,,,,,,,,,,,,,,,,,,,,,,,,,,,,,
Taxi Complaint,0.0031810981528937626,0.0035393928071647115,0.0047830846003415178,0.0077852281042616505,,,,,,0.0023108888727082378,0.0019546526194877123,0.0027455670496798791,0.0069937835611605277,0.014636762118553269,0.039728814487009996,,,0.0029059284566542989,,0.0016275257560955337,0.47177553450779108,0.0073745726705934586,0.012508642028925508,0.0027957914445043662,,,,0.0031490853102970522,0.0025832453637396591,0.0029263893445267142,0.0044577866257442811,0.0060749215715817356,0.0099035653045782095,0.022539843961415146,0.0017288448457748965,0.002428010264029644,0.0065695035961880911,0.0035166924540816361,0.052010514520387893,0.0010305901246928451,0.0014864796593267752,0.0034700331634987696,0.025211997390343036,0.055429990714928795,0.10343448949427417,0.020095616966264586,0.0017589763468438824,0.0011375624928816564,0.0044363196672351701,0.0089464719128392618,0.23243566754866699,0.020095616966264586,0.012329627308491704,0.01230291588902457,0.0014424878423240782,0.01699217063769886,0.0023437967001581073,0.0011701260997201658,0.0054579205835610344,0.00307888704208833,0.0016342950800731114,0.0067057581118472182
Taxi Report,,,,,,,,,,9.1266645532009415e-05,7.7197389224489105e-05,,,,,,,,,,,0.00028203476667447804,0.00047838323569719112,0.00010692285816987364,,,,0.00012518025381991863,0.0001026873769518664,0.00011632779833748103,,0.00017856680820807291,0.00029110631725543239,0.00066253826428411787,4.5887199665377212e-05,6.4444528985581502e-05,0.00017436852355919708,9.3340457471671029e-05,0.0013804690862390945,2.6297754400795633e-05,3.7930770018201475e-05,8.8722967151289728e-05,0.00064462877179721247,0.0014172525199840687,0.0026446475815400834,0.000540170058363936,5.6817832639197765e-05,3.6745141828172119e-05,0.00013136592903788478,0.00026491814896060584,0.0068827608692367372,0.000540170058363936,0.00033142030493585469,0.00033070230214764636,3.877406417954346e-05,0.00048772055587480232,6.7273207986889936e-05,3.3585735687763731e-05,0.00014540854325893868,8.2026931831387351e-05,4.3540477222120484e-05,0.00019856732840335353
Traffic,,,,,,,,,,0.00036667207916461059,0.00031014755771970927,,,,,,,0.00044022293835455691,,0.00024655602547799833,0.071469898568641416,,,,,,,,,,0.00067531598117945377,,,,,,,,,,,,,,,,0.00047483758700900768,0.00030708623806174402,,,,,,,,,,,,,,
UNSANITARY CONDITION,0.0053126436537129992,0.0059110193496783332,0.0079880666442376722,0.013001844235202072,0.0010497324977738051,0.001150292921041044,0.0021570076020882688,0.0012514082256092837,0.0086816827065123586,0.0051334927205237794,0.0043421365310108428,0.0055540334545351802,0.014147790663860405,0.029608844002551846,0.080367793165205287,0.0049612929332045639,0.0023445663836465201,0.0059330673858940305,,0.0033229379619037457,0.96322950788457329,0.01216693074836496,0.020637369529070838,0.0046126334923510155,,,,0.0053173552695419367,0.0043619121090451296,0.0049413243112117105,0.0091015139694557157,,,,,,,,,,,,,,,,,,,,,,,,,,,,,,,
Unsanitary Animal Pvt Property,0.00014881387041024271,0.00016557513073188869,0.00022375585337690816,0.00036419810723786359,3.5741193879229913e-05,3.9165065762966031e-05,7.344159304270841e-05,4.2607830193328112e-05,0.00029559312059926075,0.00012715250453107214,0.00010755124532007857,0.00013677676458705406,0.0003484114830957036,0.00072916411450942042,0.0019791826635762134,,,0.00015999341811747428,,8.9607646119323827e-05,0.025974824045394408,,,,,,,,,,0.00024543498924001097,,,,,,,,,,,,,,,,,,,,,,,,,,,,,,,
Unsanitary Pigeon Condition,5.6532129799668958e-05,6.2899478095208709e-05,8.5001451220022983e-05,0.00013835333100608311,,,,,,,,,,,,5.4430771326696991e-05,2.5722439373499249e-05,,,,,0.00014379237251611887,0.00024389851380355221,5.451346170451369e-05,,,,,,,,,,,,,,,,,,,,,,,,,,,,,,,,,,,,,,
Urinating in Public,3.7480677423660637e-05,4.1702215305833568e-05,5.6355774760486057e-05,9.1727953436459935e-05,,,,,,3.1310462228831454e-05,2.6483781948905268e-05,3.6764324687359087e-05,9.3649772518066671e-05,0.00019599254549652016,0.00053198592815811624,3.6547485150851683e-05,1.7271305332128455e-05,3.8918663171257915e-05,,2.1797207897181297e-05,0.0063184188440373453,9.8524289925133035e-05,0.00016711545588829141,3.7351773336906816e-05,,,,4.5372499421901579e-05,3.7219791534276149e-05,4.2163862124863316e-05,5.9702466445587117e-05,,,,,,,,,,,,,,,,,,0.00012309177398427341,0.00024823213412350433,0.0064492464028443885,,,,,,,,,,,0.00018606045637174101
Vending,,,,,,,,,,,,,,,,,,,,,,,,,,,,,,,,,,,0.0004797860024611269,0.00067381716835973756,0.0018231571654750329,0.0009759463485416362,0.014433867162034746,,,0.0011707165900442028,0.008506000439276842,0.018700919172349655,0.034896632720248781,,,,,,,,,,,,,,,,,
WATER LEAK,0.0028616765846599338,0.0031839940276483835,0.0043028037945932428,0.0070034949886521279,0.00057514941035504558,0.00063024655964771109,0.0011818264682701492,0.00068564772892048056,0.0047567020170657982,,,,,,,0.0026609935102526287,0.0012575100916708201,0.0031377788311578673,,0.0017573783872574852,0.5094162871927993,0.006556489118123298,0.011121020702959585,0.0024856458809510863,,,,0.0028975967664126318,0.0023769452635490455,0.0026926854836984765,0.0048134524702591712,,,,,,,,,,,,,,,,,,,,,,,,,,,,,,,
Water Conservation,,,,,,,,,,,,,,,,,,0.00030185379694019692,,0.0001690595059112447,0.049005761331999992,,,,0.0028540603966020492,0.00049215881816193742,0.00038076272203356134,,,,0.00046305331979142316,,,,,,,,,,,,,,,,,,,,,,,,,,,,,,,
Water Quality,7.6962447436156471e-05,8.5630911020311874e-05,0.00011572038316441324,0.00018835326040086991,1.8294246171525362e-05,2.0046766115668373e-05,3.7591317931130065e-05,2.1808956271163328e-05,0.00015130029884073852,6.5561977763605085e-05,5.5455237630808196e-05,6.8840835767104529e-05,0.00017535827638252832,0.00036699411048183466,0.00099613840923713846,7.293024719068732e-05,3.4464767192021446e-05,8.6228555032750759e-05,,4.8294098192727246e-05,0.013999148033825803,0.00019412273343415829,0.0003292681339878922,7.3594322215194359e-05,0.00083545043960067005,0.00014406643302863084,0.00011145818213420289,0.00010311182387720868,8.4584288684263548e-05,9.5819996270763192e-05,0.00013227734444116752,,,,,,,,,,,,,,,,,,,,,,,,,,,,,,,
Water System,0.0023659146446597707,0.002632393240698003,0.0035573784142122152,0.0057901970635939048,0.00059943374740680205,0.00065685724480993182,0.0012317263234650666,0.00071459759872491587,0.0049575426211896697,0.0021097001804485076,0.0017844782727325973,0.0022702118000471373,0.0057829110272042145,0.012102618320647775,0.032850344507452403,0.0024282029476618166,0.0011474998715873142,0.0026065926009258434,,0.0014598764756029703,0.4231785592415005,0.0065476038653012941,0.011105949667409264,0.0024822773720310958,,,,,,,0.0039985959078116234,,,,,,,,,,,,,,,,,,,,,,,,,,,,,,,
